"ArtikelNr","Bezeichnung","Hersteller","Land","Qualitaet","Gebinde","PreisInklMwst","EntMwst","MwstSatz"
"30470","Neumarkter Aktivmalz BIOLAND alkoholfrei","Neumarkter","Bayern","Bioland","10x0,33l","9.639","1.425","19"
"30500","Lammsbräu EdelPils BIOLAND","Neumarkter","Bayern","Bioland","10x0,5l","13.109","1.938","19"
"30502","Lammsbräu alkoholfrei BIOLAND","Neumarkter","Bayern","Bioland","10x0,33l","10.2816","1.52","19"
"30503","Lammsbräu Dunkel BIOLAND","Neumarkter","Bayern","Bioland","10x0,5l","13.109","1.938","19"
"30504","Lammsbräu Urstoff BIOLAND","Neumarkter","Bayern","Bioland","10x0,5l","13.109","1.938","19"
"30505","Lammsbräu EdelPils NATURLAND","Neumarkter","Bayern","Naturland ","10x0,33l","10.2816","1.52","19"
"30506","Lammsbräu Weiße BIOLAND","Neumarkter","Bayern","Bioland","10x0,5l","13.109","1.938","19"
"30507","Lammsbräu Leichte Weiße 2,7%Vol. BIOLAND","Neumarkter","Bayern","Bioland","10x0,5l","13.109","1.938","19"
"30512","Lammsbräu Radler 2,5%Vol. BIOLAND","Neumarkter","Bayern","Bioland","10x0,5l","13.109","1.938","19"
"30514","Neumarkter Winterfestbier","Neumarkter","Bayern","Bioland","10x0,5l","13.109","1.938","19"
"30519","Lammsbräu Hefeweizen hell alkoholfrei BIOLAND","Neumarkter","Bayern","Bioland","10x0,5l","13.109","1.938","19"
"30525","Lammsbräu Hefeweizen dunkel alkoholfrei NATURLAND","Neumarkter","Bayern","Naturland ","10x0,5l","13.109","1.938","19"
"30529","Lammsbräu Glutenfrei BIOLAND","Neumarkter","Bayern","Bioland","10x0,33l","12.4664","1.843","19"
"30535","Lammsbräu glutenfrei alkoholfrei BIOLAND","Neumarkter","Bayern","Bioland","10x0,33l","12.4664","1.843","19"
"30536","Lammsbräu EdelHell BIOLAND","Neumarkter","Bayern","Bioland","10x0,5l","12.0809","1.786","19"
"30540","Tettnanger Kellerpils - Bügelverschluss","Kronenbrauerei","Regional","100% Biozutaten","12x0,5l","18.8153","2.7816","19"
"30545","Heinz vom Stein naturtrüb","Schloßbrauerei Stein","Bayern","Naturland ","20x0,5l","22.3625","3.306","19"
"30546","Heinz vom Stein helle Weisse","Schloßbrauerei Stein","Bayern","Naturland ","20x0,5l","22.3625","3.306","19"
"30547","Heinz vom Stein dunkle Weisse","Schloßbrauerei Stein","Bayern","Naturland ","20x0,5l","22.3625","3.306","19"
"30548","Heinz vom Stein alkoholfreie Weisse","Schloßbrauerei Stein","Bayern","Naturland ","20x0,5l","22.3625","3.306","19"
"30560","Riedenburger Emmerbier BIOLAND","Riedenburger","Bayern","Bioland","20x0,5l","27.7603","4.104","19"
"30563","Riedenburger Dinkelbier alkoholfrei BIOLAND","Riedenburger","Bayern","Bioland","10x0,33l","10.6672","1.577","19"
"30565","Plankstettener Dinkelbier BIOLAND","Plankstettener","Bayern","Bioland","10x0,33l","10.6672","1.577","19"
"30572","Riedenburger Dinkelradler alkoholfrei BIOLAND","Riedenburger","Bayern","Bioland","10x0,33l","10.6672","1.577","19"
"30576","Riedenburger Festbier Viva Bavaria BIOLAND","Riedenburger","Bayern","Bioland","20x0,5l","25.1899","3.724","19"
"30578","Plankstettener Maibock","Plankstettener","Bayern","Bioland","10x0,33l","11.5668","1.71","19"
"30579","Riedenburger Dinkelmalzbier BIOLAND alkoholfrei","Riedenburger","Bayern","Bioland","10x0,33l","10.6672","1.577","19"
"30581","Riedenburger Hefeweizen alkoholfrei BIOLAND","Riedenburger","Bayern","Bioland","10x0,5l","11.9524","1.767","19"
"30584","Riedenburger Ur-Helles naturtrüb BIOLAND","Riedenburger","Bayern","Bioland","10x0,5l","11.9524","1.767","19"
"30585","Riedenburger Hefeweizen hell BIOLAND","Riedenburger","Bayern","Bioland","10x0,5l","12.7235","1.881","19"
"30586","Riedenburger Ur-Weizen BIOLAND","Riedenburger","Bayern","Bioland","10x0,5l","12.7235","1.881","19"
"30588","Riedenburger Ur-Helles alkoholfrei BIOLAND","Riedenburger","Bayern","Bioland","10x0,5l","11.9524","1.767","19"
"30589","Riedenburger Weihnachtsfestbier","Riedenburger","Bayern","Bioland","20x0,5l","24.9329","3.686","19"
"38118","Gens et Pierres Sud-Sud rosé IGP 2025","Peter Riegel Weinhandel","Frankreich","EG-Bio","6x0,75l","31.2304","4.617","19"
"38119","Gens et Pierres Sud-Sud rouge IGP 2024","Peter Riegel Weinhandel","Frankreich","EG-Bio","6x0,75l","32.0015","4.731","19"
"38124","Armonia rouge Domaine Bassac 2024","Peter Riegel Weinhandel","Frankreich","EG-Bio","12x0,375l","39.944","5.9052","19"
"38125","Armonia rosé Domaine Bassac 2025","Peter Riegel Weinhandel","Frankreich","EG-Bio","6x0,75l","30.7677","4.5486","19"
"38126","Armonia rouge Domaine Bassac 2024","Peter Riegel Weinhandel","Frankreich","EG-Bio","6x0,75l","30.7677","4.5486","19"
"38224","Château Peybonhomme Cru Bourgeois rouge AOC 2022","Peter Riegel Weinhandel","Frankreich","EG-Bio","0,75l","10.6029","1.5675","19"
"38250","Côtes-du-Rhône rouge Carabiniers AOP DEMETER 2022","Peter Riegel Weinhandel","Frankreich","Demeter (Deutschland)","6x0,75l","45.8816","6.783","19"
"38330","Nero d'Avola Mezzogiorno IGT 2024","Peter Riegel Weinhandel","Italien","EG-Bio","6x0,75l","26.141","3.8646","19"
"38331","Primitivo Mezzogiorno IGT 2024","Peter Riegel Weinhandel","Italien","EG-Bio","6x0,75l","26.141","3.8646","19"
"38332","Grillo bianco Mezzogiorno IGT 2024","Peter Riegel Weinhandel","Italien","EG-Bio","6x0,75l","26.141","3.8646","19"
"38333","Falanghina Mezzogiorno IGT 2024","Peter Riegel Weinhandel","Italien","EG-Bio","6x0,75l","23.5192","3.477","19"
"38342","Champagner brut exclusiv Fleury DEMETER","Peter Riegel Weinhandel","Frankreich","Demeter (Deutschland)","0,75l","46.5242","6.878","19"
"38359","Rieslingsekt Engel extra dry","Peter Riegel Weinhandel","Deutschland","EG-Bio","0,75l","9.7033","1.4345","19"
"38360","Rieslingsekt Engelchen extra dry - Piccolo","Peter Riegel Weinhandel","Deutschland","EG-Bio","12x0,2l","36.8595","5.4492","19"
"38361","Montepulciano Osteria DEMETER DOC 2022","Peter Riegel Weinhandel","Italien","Demeter (Deutschland)","6x0,75l","24.753","3.6594","19"
"38367","Merlot Becco halbtrocken IGT 2024","Peter Riegel Weinhandel","Italien","EG-Bio","6x1,0l","26.3723","3.8988","19"
"38376","Rosato Becco 2025","Peter Riegel Weinhandel","Italien","EG-Bio","6x1,0l","26.3723","3.8988","19"
"38379","Montepulciano Becco DOC 2024","Peter Riegel Weinhandel","Italien","EG-Bio","6x1,0l","26.3723","3.8988","19"
"38380","Chardonnay Becco IGT 2025","Peter Riegel Weinhandel","Italien","EG-Bio","6x1,0l","26.3723","3.8988","19"
"38382","Pinot Grigio Becco IGT 2025","Peter Riegel Weinhandel","Italien","EG-Bio","6x1,0l","31.2304","4.617","19"
"38384","Trebbiano Becco IGT 2024","Peter Riegel Weinhandel","Italien","EG-Bio","6x1,0l","26.3723","3.8988","19"
"38385","Merlot Becco IGT 2024","Peter Riegel Weinhandel","Italien","EG-Bio","6x1,0l","26.3723","3.8988","19"
"38387","Chianti Marcialla DOCG 2024","Peter Riegel Weinhandel","Italien","100% Biozutaten","6x0,75l","45.8816","6.783","19"
"38388","Vernacchia di San Gimignano La Lastza DOCG 2024","Peter Riegel Weinhandel","Italien","EG-Bio","0,75l","10.4744","1.5485","19"
"38412","Dornfelder mild Knobloch QW 2024","Peter Riegel Weinhandel","Deutschland","Ecovin ","6x0,75l","34.3148","5.073","19"
"38435","Prosecco DOC - Piccolo","La Selva","Italien","EG-Bio","12x0,2l","38.4018","5.6772","19"
"38436","Prosecco Veneto DOC","La Selva","Italien","EG-Bio","6x0,75l","38.4789","5.6886","19"
"38442","Morellino di Scansano DOCG 2023","La Selva","Italien","EG-Bio","6x0,75l","56.2146","8.3106","19"
"38443","Sangiovese Rosso Toscano IGT","La Selva","Italien","Naturland ","6x0,75l","40.0211","5.9166","19"
"38445","Vermentino Maremma Toskana DOC 2015","La Selva","Italien","Naturland ","6x0,75l","56.2146","8.3106","19"
"38449","Rosato frizzante Veneto IGT","La Selva","Italien","EG-Bio","6x0,75l","33.081","4.8906","19"
"38456","Barbera Monferrato Cappelletta DEMETER DOC 2024","Peter Riegel Weinhandel","Italien","Demeter (Deutschland)","0,75l","10.7314","1.5865","19"
"38461","Weißer Burgunder trocken DEMETER QW","Harteneck","Baden-Württemberg","Demeter (Deutschland)","6x0,75l","48.5034","7.1706","19"
"38462","Gutedel weiß trocken DEMETER QW","Harteneck","Baden-Württemberg","Demeter (Deutschland)","6x0,75l","42.026","6.213","19"
"38463","Sonnensegler Cuvée weiß trocken DEMETER QW","Harteneck","Baden-Württemberg","Demeter (Deutschland)","6x0,75l","41.5634","6.1446","19"
"38465","Roter Löwe halbtrocken QW","Harteneck","Baden-Württemberg","EG-Bio","6x0,75l","41.5634","6.1446","19"
"38466","Spätburgunder rot trocken DEMETER QW","Harteneck","Baden-Württemberg","Demeter (Deutschland)","6x0,75l","49.3517","7.296","19"
"38479","Rosato frizzante Veneto IGT - Piccolo","La Selva","Italien","EG-Bio","12x0,2l","38.4018","5.6772","19"
"38480","Prosecco Osteria DOC","Peter Riegel Weinhandel","Italien","EG-Bio","6x0,75l","43.8767","6.4866","19"
"38481","Prosecco Jarasole DOC - Bügelverschluss","Peter Riegel Weinhandel","Italien","EG-Bio","6x0,75l","40.4838","5.985","19"
"38496","Merlot Parra DEMETER DO 2024","Peter Riegel Weinhandel","Spanien","Demeter (Deutschland)","6x0,75l","26.6036","3.933","19"
"38498","Merlot Osteria DEMETER IGT 2024","Peter Riegel Weinhandel","Italien","Demeter (Deutschland)","6x0,75l","24.753","3.6594","19"
"38510","Le Corbeau rouge VdP 2023","Peter Riegel Weinhandel","Frankreich","EG-Bio","6x1,0l","24.8301","3.6708","19"
"38516","Le Corbeau rosé VdP 2024","Peter Riegel Weinhandel","Frankreich","EG-Bio","6x1,0l","22.748","3.363","19"
"38517","Le Corbeau blanc VdP 2024","Peter Riegel Weinhandel","Frankreich","EG-Bio","6x1,0l","24.8301","3.6708","19"
"38545","Allegria rosso VdT 2024","Peter Riegel Weinhandel","Italien","EG-Bio","6x1,0l","22.8252","3.3744","19"
"38546","Allegria bianco VdT 2025","Peter Riegel Weinhandel","Italien","EG-Bio","6x1,0l","22.8252","3.3744","19"
"38558","Fleur et Sekt Aperitif mit Holunderblüte 7%Vol.","Peter Riegel Weinhandel","Europäische Union","100% Biozutaten","6x0,75l","34.3148","5.073","19"
"38594","Pinot Grigio Osteria DEMETER IGT 2025 - Kleingr.","Peter Riegel Weinhandel","Italien","Demeter (Deutschland)","12x0,375l","35.78","5.2896","19"
"38599","Pinot Grigio Osteria DEMETER IGT 2025","Peter Riegel Weinhandel","Italien","Demeter (Deutschland)","6x0,75l","24.753","3.6594","19"
"38605","Sekt Sueno brut","Peter Riegel Weinhandel","Spanien","EG-Bio","6x0,75l","40.0211","5.9166","19"
"38606","Rioja Magister Bibendi Crianza DOC 2021","Peter Riegel Weinhandel","Spanien","EG-Bio","6x0,75l","44.1081","6.5208","19"
"38607","Sekt Sueno rosé trocken","Peter Riegel Weinhandel","Spanien","EG-Bio","6x0,75l","42.7972","6.327","19"
"38609","Rioja Noemus Navarsotillo DOC 2023","Peter Riegel Weinhandel","Spanien","EG-Bio","6x0,75l","30.7677","4.5486","19"
"38611","Sekt Sueno brut - Piccolo","Peter Riegel Weinhandel","Spanien","EG-Bio","24x0,2l","59.222","8.7552","19"
"38613","Quaderna Via Navarra Reserva DO 2020","Peter Riegel Weinhandel","Spanien","EG-Bio","0,75","9.5747","1.4155","19"
"38616","Casa los Pinos Tinto DO 2024","Peter Riegel Weinhandel","Spanien","EG-Bio","6x1,0l","21.8998","3.2376","19"
"38626","Camino tinto 2024","Peter Riegel Weinhandel","Spanien","EG-Bio","6x0,75l","18.1213","2.679","19"
"38627","Camino rosado 2024","Peter Riegel Weinhandel","Spanien","IA","6x0,75l","18.1213","2.679","19"
"38628","Camino blanco 2025","Peter Riegel Weinhandel","Spanien","EG-Bio","6x0,75l","18.1213","2.679","19"
"38629","Camino lindo tinto 2025","Peter Riegel Weinhandel","Spanien","EG-Bio","6x0,75l","18.1213","2.679","19"
"38637","Syrah tinto Parra DEMETER DO 2024","Peter Riegel Weinhandel","Spanien","Demeter (Deutschland)","6x0,75l","26.6036","3.933","19"
"38642","Festtagsglühwein rot 11% Vol.","Peter Riegel Weinhandel","Spanien","100% Biozutaten","6x1,0l","20.2033","2.9868","19"
"38643","Camino tinto - BagInBox","Peter Riegel Weinhandel","Spanien","100% Biozutaten","3,0l","8.9835","1.3281","19"
"38648","Vida feliz tinto Tafelwein rot","Biotropic","Spanien","EG-Bio","6x1,0l","20.8202","3.078","19"
"38649","Vida feliz blanco Tafelwein weiß","Biotropic","Spanien","EG-Bio","6x1,0l","20.8202","3.078","19"
"38653","Kirsch Humbel 40%Vol.","Dschinn","Schweiz","Bio-Suisse","0,35l","22.4781","3.3231","19"
"38654","Pflümli Humbel 40%Vol.","Dschinn","Schweiz","Bio-Suisse","0,35l","20.0363","2.9621","19"
"38655","Williams Humbel 40%Vol.","Dschinn","Schweiz","Bio-Suisse","0,35l","24.6758","3.648","19"
"38660","Tempranillo Finca Enguera DO 2024","Peter Riegel Weinhandel","Spanien","EG-Bio","6x0,75l","23.9047","3.534","19"
"38661","Finca Enguera Crianza DO 2023","Peter Riegel Weinhandel","Spanien","EG-Bio","6x0,75l","33.081","4.8906","19"
"38662","Castillo de Enguera Reserva DO 2021","Peter Riegel Weinhandel","Spanien","EG-Bio","6x0,75l","41.6405","6.156","19"
"38666","Wodka Wodotschka 40%Vol.","Dschinn","Schweiz","EG-Bio","0,35l","9.6261","1.4231","19"
"38667","Gin White Socks 40%Vol.","Dschinn","Diverse","100% Biozutaten","0,35l","11.9395","1.7651","19"
"38670","Cognac Pinard VS 40%Vol.","Dschinn","Frankreich","EG-Bio","0,7l","25.0485","3.7031","19"
"38679","Verdejo blanco Parra DEMETER DO 2024","Peter Riegel Weinhandel","Spanien","Demeter (Deutschland)","6x0,75l","26.6036","3.933","19"
"38682","Rebel.lia tinto Utiel-Requena DOP 2024","Peter Riegel Weinhandel","Spanien","EG-Bio","6x0,75l","34.6233","5.1186","19"
"38705","Shiraz Merlot Moonlight Stellar 2025","Peter Riegel Weinhandel","Südafrika","EG-Bio","6x0,75l","31.5388","4.6626","19"
"38795","Merlot Osteria DEMETER IGT 2024 - BagInBox","Peter Riegel Weinhandel","Italien","Demeter (Deutschland)","3,0l","14.6384","2.1641","19"
"38806","Grüner Veltliner Paradeiser QW 2024","Peter Riegel Weinhandel","Österreich","EG-Bio","6x0,75l","28.4543","4.2066","19"
"38807","Zweigelt Paradeiser QW 2024","Peter Riegel Weinhandel","Österreich","EG-Bio","6x0,75l","28.4543","4.2066","19"
"38820","Syrah Akratos Papakonstantinou DEMETER 2021","Epikouros","Griechenland","Demeter (Deutschland)","6x0,75l","40.0982","5.928","19"
"38831","Sangiovese Osteria DEMETER IGT 2024","Peter Riegel Weinhandel","Italien","Demeter (Deutschland)","6x0,75l","24.753","3.6594","19"
"38839","Camino roble 2019","Peter Riegel Weinhandel","Spanien","EG-Bio","6x0,75l","20.8202","3.078","19"
"38859","Crémant d´Alsace Stentz AOP 2023","Peter Riegel Weinhandel","Frankreich","EG-Bio","6x0,75l","96.3129","14.2386","19"
"38867","Sauvignon blanc Parra DEMETER DO 2025","Peter Riegel Weinhandel","Spanien","Demeter (Deutschland)","6x0,75l","26.6036","3.933","19"
"38868","Armonia blanc Domaine Bassac 2024","Peter Riegel Weinhandel","Frankreich","EG-Bio","6x0,75l","30.7677","4.5486","19"
"38902","Appleritif alkoholfrei Apfel","Clostermann","Deutschland","100% Biozutaten","6x0,75l","40.0982","5.928","19"
"38904","Appleritif alkoholfrei Apfel-Rose","Clostermann","Deutschland","100% Biozutaten","6x0,75l","38.4789","5.6886","19"
"38908","Apfel-Tischperlwein Rose 9%Vol.","Clostermann","Deutschland","100% Biozutaten","6x0,75l","41.6405","6.156","19"
"38926","Rivaner BIOLAND QW 2022","Weingut Landmann","Baden-Württemberg","Bioland","6x0,75l","44.3394","6.555","19"
"38927","Pinot gris BIOLAND QW 2022","Weingut Landmann","Baden-Württemberg","Bioland","6x0,75l","59.7618","8.835","19"
"38929","Sauvignon blanc BIOLAND QW 2022","Weingut Landmann","Baden-Württemberg","Bioland","6x0,75l","70.5575","10.431","19"
"38930","Chardonnay BIOLAND QW 2022","Weingut Landmann","Baden-Württemberg","Bioland","6x0,75l","70.5575","10.431","19"
"38932","Pinot noir BIOLAND QW 2020","Weingut Landmann","Baden-Württemberg","Bioland","6x0,75l","59.7618","8.835","19"
"38933","Pinot rosé BIOLAND QW 2022","Weingut Landmann","Baden-Württemberg","Bioland","6x0,75l","55.1351","8.151","19"
"38938","Sekt Pinot-Chardonnay brut BIOLAND","Weingut Landmann","Baden-Württemberg","Bioland","6x0,75l","79.0398","11.685","19"
"38955","Urschrei rot Rheinhessen Lorenz QW 2021","Weingut Lorenz","Deutschland","Ecovin ","6x0,75l","40.4838","5.985","19"
"38956","Kopfstand weiß Rheinhessen Lorenz QW 2023","Weingut Lorenz","Deutschland","Ecovin ","6x0,75l","40.4838","5.985","19"
"530041","Härle Natur Pils BIOLAND","Brauerei Clemens Härle","Deutschland","Bioland","11x0,33l","11.5925","1.7138","19"
"530042","Härle NaturRadler","Brauerei Clemens Härle","Deutschland","100% Biozutaten","11x0,33l","11.5925","1.7138","19"
"530060","Fidelio naturtrüb BIOLAND - Bügelverschluss","Brauerei Clemens Härle","Regional","Bioland","18x0,33l","22.2083","3.2832","19"
"530065","Lager hell BIOLAND","Brauerei Clemens Härle","Regional","Bioland","20x0,5l","22.6195","3.344","19"
"530082","Clemens Weißbier BIOLAND","Brauerei Clemens Härle","Regional","Bioland","20x0,5l","22.6195","3.344","19"
"530083","Lager hell BIOLAND","Brauerei Clemens Härle","Regional","Bioland","20x0,33l","19.535","2.888","19"
"530538","Lammsbräu NaturRadler alkoholfrei BIOLAND","Neumarkter","Bayern","Bioland","10x0,33l","10.2816","1.52","19"
"530544","Heinz vom Stein alkoholfreies Zwickel-Lagerbier","Schloßbrauerei Stein","Bayern","Naturland ","20x0,5l","21.3343","3.154","19"
"530549","Riedenburger Dolden Sud IPA BIOLAND","Riedenburger","Bayern","Bioland","10x0,33l","14.7798","2.185","19"
"530558","Riedenburger Keller Pils","Riedenburger","Bayern","Bioland","10x0,33l","10.6672","1.577","19"
"530602","Riedenburger Dolden Sommer Sud BIOLAND","Riedenburger","Bayern","Bioland","10x0,33l","14.7798","2.185","19"
"530603","Riedenburger Dolden Dark Porter BIOLAND","Riedenburger","Bayern","Bioland","10x0,33l","14.7798","2.185","19"
"530607","Lammsbräu Dunkel alkoholfrei NATURLAND","Neumarkter","Bayern","Naturland ","10x0,33l","8.9964","1.33","19"
"530654","Riedenburger Dolden Bock 7,9% Vol. BIOLAND","Riedenburger","Bayern","Bioland","10x0,33l","17.3502","2.565","19"
"530656","Lammsbräu EdelHell BIOLAND","Neumarkter","Bayern","Bioland","10x0,33l","10.2816","1.52","19"
"530658","Riedenburger Dolden Null IPA alkoholfrei BIOLAND","Riedenburger","Bayern","Bioland","10x0,33l","14.7798","2.185","19"
"530659","Isar Craftbier hopfengestopftes Helles BIOLAND","Isar Craft Bier","Bayern","Bioland","10x0,33l","13.4946","1.995","19"
"530664","Riedenburger Dolden hell BIOLAND","Riedenburger","Bayern","Bioland","10x0,33l","14.7798","2.185","19"
"530667","Riedenburger Natur Radler BIOLAND","Riedenburger","Bayern","Bioland","10x0,5l","12.7235","1.881","19"
"530669","Lammsbräu Leichtes Helles 3,4%Vol. BIOKREIS","Neumarkter","Bayern","Biokreis ","10x0,5l","13.109","1.938","19"
"530675","Lammsbräu Zwickl BIOLAND","Neumarkter","Bayern","Bioland","10x0,5l","13.109","1.938","19"
"530676","Lammsbräu alkoholfrei NATURLAND","Neumarkter","Bayern","Naturland ","10x0,5l","13.109","1.938","19"
"530677","Lammsbräu Weiße & Grapefruit alkoholfrei BIOLAND","Neumarkter","Diverse","Bioland","10x0,33l","10.2816","1.52","19"
"530680","Lammsbräu alkoholfrei & Hollerblüte BIOLAND","Neumarkter","Diverse","Bioland","10x0,33l","10.2816","1.52","19"
"530683","Lammsbräu Dunkel&Pure Zitrone alkoholfrei NATURLA","Neumarkter","Bayern","Naturland ","10x0,33l","10.2816","1.52","19"
"530684","Lammsbräu NaturRadler 2,5%Vol. NATURLAND","Neumarkter","Bayern","Naturland ","10x0,33l","10.2816","1.52","19"
"530688","Riedenburger Alkoholfrei fein Hopfig BIOLAND","Riedenburger","Bayern","Bioland","10x0,33l","10.6672","1.577","19"
"530690","Lammsbräu Naturtrüb alkoholfrei NATURLAND","Neumarkter","Bayern","Naturland ","10x0,5l","13.109","1.938","19"
"530691","Riedenburger Natur Radler alkoholfrei BIOLAND","Riedenburger","Bayern","Bioland","10x0,5l","12.7235","1.881","19"
"530694","Lammsbräu Hell alkoholfrei BIOKREIS","Neumarkter","Bayern","Biokreis ","10x0,5l","12.0809","1.786","19"
"530695","Lammsbräu glutenfrei Zitrone alkoholfrei NATURLAND","Neumarkter","Bayern","Naturland ","10x0,33l","12.4664","1.843","19"
"530821","Wolfscraft Das Helle","Wolfscraft","Deutschland","100% Biozutaten","24x0,33l","32.6955","4.8336","19"
"530824","Wolfscraft Brutal alkoholfrei 0,4%Vol.","Wolfscraft","Deutschland","100% Biozutaten","24x0,33l","32.6955","4.8336","19"
"530860","Schleicher Natural Helles Bier DEMETER glutenfrei","Traditionsbrauerei Schleicher","Deutschland","Demeter (Deutschland)","20x0,5l","29.5596","4.37","19"
"530861","Schleicher Natural Radler DEMETER glutenfrei","Traditionsbrauerei Schleicher","Deutschland","Demeter (Deutschland)","20x0,5l","29.5596","4.37","19"
"530863","Schleicher Natural Pils alkoholfrei DEMETER","Traditionsbrauerei Schleicher","Deutschland","Demeter (Deutschland)","20x0,5l","29.5596","4.37","19"
"532717","Hygge Punsch Bitter Apfelsin DEMETER","Voelkel","Diverse","Demeter (Deutschland)","6x0,75l","21.2058","3.135","19"
"538012","Acht Grad Weinschorle weiß 5,9%Vol.","Acht Grad Plus","Spanien","100% Biozutaten","12x0,275l","18.5069","2.736","19"
"538013","Acht Grad Weinschorle rosé 5,9%Vol.","Acht Grad Plus","Spanien","100% Biozutaten","12x0,275l","18.5069","2.736","19"
"538015","Glühwein Heißer Hirsch rot 11% Vol.","Acht Grad Plus","Diverse","100% Biozutaten","6x0,75l","20.9745","3.1008","19"
"538016","Glühwein Heißer Hirsch weiß 10% Vol.","Acht Grad Plus","Diverse","100% Biozutaten","6x0,75l","20.9745","3.1008","19"
"538017","Lieblingssecco HELGA 7,5 %Vol.","Acht Grad Plus","Europäische Union","100% Biozutaten","6x0,75l","27.1434","4.0128","19"
"538018","Lieblingssecco HUGO 7,5 %Vol.","Acht Grad Plus","Europäische Union","100% Biozutaten","6x0,75l","27.1434","4.0128","19"
"538021","Hauswein weiß Rivaner Pfalz halbtrocken QbA","Acht Grad Plus","Deutschland","EG-Bio","6x0,75l","25.8325","3.819","19"
"538022","Hauswein rot Dornfelder Pfalz halbtrocken QbA","Acht Grad Plus","Deutschland","EG-Bio","6x0,75l","25.8325","3.819","19"
"538023","Haussecco weiß","Acht Grad Plus","Deutschland","EG-Bio","6x0,75l","27.1434","4.0128","19"
"538025","Glühwein Heißer Hirsch rosé 10% Vol.","Acht Grad Plus","Diverse","100% Biozutaten","6x0,75l","20.9745","3.1008","19"
"538026","Glühwein Heißer Hirsch rot alkoholfrei","Acht Grad Plus","Diverse","100% Biozutaten","6x0,73l","20.9745","3.1008","19"
"538027","Glühwein Heißer Hirsch weiß alkoholfrei","Acht Grad Plus","Diverse","100% Biozutaten","6x0,73l","20.9745","3.1008","19"
"538042","Hygge Glühwein Rode rot 9% Vol.","Voelkel","Diverse","100% Biozutaten","6x0,7l","21.2058","3.135","19"
"538100","La Fête rosé","Peter Riegel Weinhandel","Frankreich","EG-Bio","6x0,75l","22.748","3.363","19"
"538101","Grauer Burgunder trocken DEMETER QW","Harteneck","Baden-Württemberg","Demeter (Deutschland)","6x0,75l","48.5034","7.1706","19"
"538102","Gens et Pierres Sud blanc IGP 2024","Peter Riegel Weinhandel","Frankreich","EG-Bio","6x0,75l","32.0015","4.731","19"
"538104","Prosecchino Tramici DOC - Piccolo","Peter Riegel Weinhandel","Italien","EG-Bio","12x0,2l","36.8595","5.4492","19"
"538122","La Fête rouge 2025","Peter Riegel Weinhandel","Frankreich","EG-Bio","6x0,75l","22.748","3.363","19"
"538228","La Croix Simon Bordeaux rouge superieur AOC 2022","Peter Riegel Weinhandel","Frankreich","EG-Bio","6x0,75l","40.0211","5.9166","19"
"538238","Primitivo Gioia del Colle DOC Nera 2021","Peter Riegel Weinhandel","Italien","EG-Bio","6x0,75l","80.9676","11.97","19"
"538239","La Croix Simon Bordeaux blanc AOP 2024","Peter Riegel Weinhandel","Frankreich","EG-Bio","6x0,75l","35.086","5.187","19"
"538245","ÀO Tinto Tejo DOC 2024","Peter Riegel Weinhandel","Portugal","EG-Bio","6x0,75l","29.9966","4.4346","19"
"538251","Côtes-du-Rhône Edition Origine AOP rot 2024","Peter Riegel Weinhandel","Frankreich","EG-Bio","6x0,75l","30.7677","4.5486","19"
"538252","La Croix Simon Bordeaux rouge AOC 2024","Peter Riegel Weinhandel","Frankreich","EG-Bio","6x0,75l","35.3173","5.2212","19"
"538262","Chateau Roy d´Espagne Bordeaux DEMETER AOP 2022","Peter Riegel Weinhandel","Frankreich","Demeter (Deutschland)","6x0,75l","43.5683","6.441","19"
"538268","Coteaux d' Aix-en-Provence rosé AOP 2025","Peter Riegel Weinhandel","Frankreich","EG-Bio","6x0,75l","36.6282","5.415","19"
"538274","Negroamaro Villa Triforio Puglia IGT 2024","Peter Riegel Weinhandel","Italien","EG-Bio","6x0,75l","31.2304","4.617","19"
"538276","Barbera Torre Vercelli DEMETER DOC 2024","Peter Riegel Weinhandel","Italien","Demeter (Deutschland)","6x0,75l","34.6233","5.1186","19"
"538277","Prosecco Tramici DOC","Peter Riegel Weinhandel","Italien","EG-Bio","6x0,75l","33.9293","5.016","19"
"538278","Monastrell Cepa 50 Alicante Pinoso DO 2024","Peter Riegel Weinhandel","Spanien","EG-Bio","6x0,75l","34.3148","5.073","19"
"538283","HUGO der Ehrliche 5,8% Vol.","Peter Riegel Weinhandel","Europäische Union","100% Biozutaten","6x0,75l","28.917","4.275","19"
"538285","Riesling feinherb Weingut Keth Spätlese QW 2024","Peter Riegel Weinhandel","Deutschland","EG-Bio","6x0,75l","32.7726","4.845","19"
"538287","Camino blanco 2025 - Kleinflasche","Peter Riegel Weinhandel","Spanien","EG-Bio","12x0,25l","18.3527","2.7132","19"
"538288","Camino tinto 2024 - Kleinflasche","Peter Riegel Weinhandel","Spanien","EG-Bio","12x0,25l","18.3527","2.7132","19"
"538290","Marry´s FairTrade Glühwein rot 10,5% Vol.","Peter Riegel Weinhandel","Südafrika","100% Biozutaten","6x0,75l","23.5192","3.477","19"
"538298","Landpartie Glühwein rot 12,3% Vol.","Peter Riegel Weinhandel","Deutschland","100% Biozutaten","6x0,75l","18.8924","2.793","19"
"538299","Festtagsglühwein weiß 10,2% Vol.","Peter Riegel Weinhandel","Spanien","100% Biozutaten","6x1,0l","20.2033","2.9868","19"
"538304","Traubensecco alkoholfrei Lilienthal 2024","Peter Riegel Weinhandel","Deutschland","EG-Bio","6x0,75l","36.9366","5.4606","19"
"538324","Riesling Pfalz Kesselring QW 2024","Peter Riegel Weinhandel","Deutschland","EG-Bio","6x0,75l","35.3944","5.2326","19"
"538325","Nero di Troia Duca d'Ascoli IGT 2024 - Holzkiste","Peter Riegel Weinhandel","Italien","EG-Bio","6x0,75l","43.1056","6.3726","19"
"538328","Sauvignon Blanc Pfalz Kesselring QW 2024","Peter Riegel Weinhandel","Deutschland","EG-Bio","6x0,75l","37.3993","5.529","19"
"538329","Nero di Troia Mezzogiorno IGT 2022","Peter Riegel Weinhandel","Italien","EG-Bio","6x0,75l","23.5192","3.477","19"
"538336","Garnacha rosado Parra DEMETER DO 2025","Peter Riegel Weinhandel","Spanien","Demeter (Deutschland)","6x0,75l","26.6036","3.933","19"
"538339","Finca Enguera Blanco Valencia DO 2024","Peter Riegel Weinhandel","Spanien","EG-Bio","6x0,75l","27.3748","4.047","19"
"538346","Rosato frizzante tappo spago La Jara IGT","Peter Riegel Weinhandel","Italien","EG-Bio","6x0,75l","33.8522","5.0046","19"
"538347","Grauburgunder Pfalz Kesselring QW 2024","Peter Riegel Weinhandel","Deutschland","EG-Bio","6x0,75l","37.3993","5.529","19"
"538368","Landpartie Rheinhessen Landwein rosé 2024","Peter Riegel Weinhandel","Deutschland","EG-Bio","6x0,75l","25.0614","3.705","19"
"538390","Landpartie Rheinhessen Landwein weiß 2024","Peter Riegel Weinhandel","Deutschland","EG-Bio","6x0,75l","25.0614","3.705","19"
"538391","Landpartie Rheinhessen Landwein rot 2024","Peter Riegel Weinhandel","Deutschland","EG-Bio","6x0,75l","25.0614","3.705","19"
"538394","Fruit et Sekt Aperitif mit roten Beeren 7%Vol.","Peter Riegel Weinhandel","Europäische Union","100% Biozutaten","6x0,75l","34.3148","5.073","19"
"538484","Frizzante Jarasole rosé IGT - Bügelverschluss","Peter Riegel Weinhandel","Italien","EG-Bio","6x0,75l","31.5388","4.6626","19"
"538512","Grauer Burgunder Gutswein Knobloch QW 2024","Peter Riegel Weinhandel","Deutschland","Ecovin ","6x0,75l","38.4789","5.6886","19"
"538695","Amaro delle Alpi Kräuterlikör BIOLAND 28%Vol.","Dschinn","Diverse","Bioland","0,5l","13.8673","2.0501","19"
"538696","Eierlikör Kikeriki mit Kirschwasser 16%Vol.","Dschinn","Diverse","Bio-Suisse","0,35l","19.6507","2.9051","19"
"538697","Eierlikör Humbel 16%Vol.","Dschinn","Diverse","Bio-Suisse","0,35l","12.5821","1.8601","19"
"538698","Holler Holunderblütenlikör 17%Vol.","Dschinn","Diverse","100% Biozutaten","0,5l","11.5025","1.7005","19"
"538699","Aperitivo Venetiano naturale 15%Vol.","Dschinn","Diverse","100% Biozutaten","0,7l","13.2247","1.9551","19"
"538729","Wodka Wodotschka 40%Vol.","Dschinn","Schweiz","EG-Bio","0,7l","15.5509","2.299","19"
"538731","Portwein Grahams Natura Reserve","Peter Riegel Weinhandel","Portugal","EG-Bio","0,75l","19.2137","2.8405","19"
"538735","Clouds Gin 42%Vol.","Dschinn","Diverse","100% Biozutaten","0,7l","44.8535","6.631","19"
"538738","Chardonnay Osteria DEMETER IGT 2025 - BagInBox","Peter Riegel Weinhandel","Italien","Demeter (Deutschland)","3,0l","14.6384","2.1641","19"
"538742","Novello Veneto Pizzolato ohne SO2 IGT 2025","Peter Riegel Weinhandel","Italien","EG-Bio","6x0,75l","35.3944","5.2326","19"
"538763","Retsina Papakonstantinou DEMETER","Epikouros","Griechenland","Demeter (Deutschland)","6x0,75l","35.086","5.187","19"
"538922","Appleritif alkoholfrei Salz-Pomeranze&Wacholder","Clostermann","Deutschland","100% Biozutaten","6x0,75l","44.6478","6.6006","19"
"538946","Cuvée La Tuni weiß BIOLAND QW 2022","Weingut Landmann","Baden-Württemberg","Bioland","6x0,75l","42.7972","6.327","19"
"538957","Urschrei rot Rheinhessen Lorenz QW 2021","Weingut Lorenz","Deutschland","Ecovin ","24x0,25l","69.4008","10.26","19"
"538958","Appleritif alkoholfrei Apfel-Rose & Aronia","Clostermann","Deutschland","100% Biozutaten","6x0,75l","44.6478","6.6006","19"
"538959","Sekt Pinot rosè brut BIOLAND","Weingut Landmann","Baden-Württemberg","Bioland","6x0,75l","79.0398","11.685","19"
"538960","MoGin Organic London Dry Gin 45%Vol.","Dwersteg","Diverse","100% Biozutaten","0,5l","26.6679","3.9425","19"
"538962","Rosé Rheinhessen Lorenz QW 2023","Weingut Lorenz","Deutschland","Ecovin ","6x0,75l","40.4838","5.985","19"
"538967","Pinot blanc BIOLAND QW 2022","Weingut Landmann","Baden-Württemberg","Bioland","6x0,75l","59.7618","8.835","19"
"538968","Kopfstand weiß Rheinhessen Lorenz QW 2020","Weingut Lorenz","Deutschland","Ecovin ","24x0,25l","69.4008","10.26","19"
"538969","Apfel-Tischperlwein Rose 9%Vol. - Piccolo","Clostermann","Deutschland","100% Biozutaten","12x0,2l","35.3173","5.2212","19"
"538970","Appleritif alkoholfrei Apfel-Rose - Piccolo","Clostermann","Deutschland","100% Biozutaten","12x0,2l","33.1582","4.902","19"
"538971","Spumante Pinot Grigio rosé La Jara","Peter Riegel Weinhandel","Italien","EG-Bio","6x0,75l","63.1547","9.3366","19"
"538989","TraubenSecco alkoholfrei BIOLAND","Weingut Landmann","Baden-Württemberg","Bioland","6x0,75l","49.7372","7.353","19"
"538992","Appleritif alkoholfrei Apfel-Ingwer&Bergamotte","Clostermann","Deutschland","100% Biozutaten","6x0,75l","44.6478","6.6006","19"
"538993","Riesling BIOLAND QW 2022","Weingut Landmann","Baden-Württemberg","Bioland","6x0,75l","59.7618","8.835","19"
"538996","Pinot noir halbtrocken BIOLAND QW 2020","Weingut Landmann","Baden-Württemberg","Bioland","6x0,75l","54.7495","8.094","19"
"538999","Pinot blanc feinherb BIOLAND QW 2023","Weingut Landmann","Baden-Württemberg","Bioland","6x0,75l","55.058","8.1396","19"
"539013","Capellana Macabeo blanco","San Vicario","Spanien","100% Biozutaten","6x0,75l","31.5388","4.6626","19"
"539014","Capellana Tempranillo rosado","San Vicario","Spanien","100% Biozutaten","6x0,75l","31.5388","4.6626","19"
"539015","Capellana Tempranillo tinto","San Vicario","Spanien","100% Biozutaten","6x0,75l","31.5388","4.6626","19"
"539016","Il Pioppo Catarratto DOC Sizilien","San Vicario","Italien","100% Biozutaten","6x0,75l","43.1056","6.3726","19"
"539017","Il Pioppo Grillo DOC Sizilien","San Vicario","Italien","100% Biozutaten","6x0,75l","43.1056","6.3726","19"
"539018","Il Pioppo Nero d’Avola DOC Sizilien","San Vicario","Italien","100% Biozutaten","6x0,75l","43.1056","6.3726","19"
"539037","Dwersteg Alter Weinbrand Aged Brandy 38%Vol.","Dwersteg","Diverse","100% Biozutaten","0,5l","22.7352","3.3611","19"
"539038","Dwersteg Amaretto-Mandel Liqueur 20%Vol","Dwersteg","Diverse","100% Biozutaten","0,5l","18.3655","2.7151","19"
"539039","Dwersteg Amaro-Kräuter Liqueur 30%Vol","Dwersteg","Diverse","100% Biozutaten","0,5l","18.494","2.7341","19"
"539051","Dwersteg Café-Crème 20%Vol","Dwersteg","Diverse","100% Biozutaten","0,5l","18.3655","2.7151","19"
"539052","Dwersteg Cassis-Liqueur 20%Vol.","Dwersteg","Diverse","100% Biozutaten","0,5l","14.3814","2.1261","19"
"539053","Dwersteg Eier-Liqueur 20%Vol. NATURLAND","Dwersteg","Diverse","Naturland ","0,5l","18.3655","2.7151","19"
"539054","Dwersteg Limoncello-Liqueur 33%Vol","Dwersteg","Diverse","100% Biozutaten","0,5l","18.7511","2.7721","19"
"539081","Dwersteg Coer d´Orange Orangen-Liqueur 40%Vol.","Dwersteg","Diverse","100% Biozutaten","0,5l","20.4218","3.0191","19"
"539083","Dwersteg Schoko-Crème 20%Vol","Dwersteg","Diverse","100% Biozutaten","0,5l","18.3655","2.7151","19"
"539150","Trio Traditionscuvée Sander weiß QbA trocken 2025","Weingut Sander","Deutschland","Naturland ","6x0,75l","33.8522","5.0046","19"
"539151","Riesling Sander trocken QbA 2025","Weingut Sander","Deutschland","Naturland ","6x0,75l","37.7078","5.5746","19"
"539152","Sauvignon Blanc Sander trocken QbA 2025","Weingut Sander","Deutschland","Naturland ","6x0,75l","42.3345","6.2586","19"
"539153","Chardonnay Sander trocken QbA 2024","Weingut Sander","Deutschland","Naturland ","6x0,75l","42.3345","6.2586","19"
"539154","Merlot Sander trocken QbA 2023","Weingut Sander","Deutschland","Naturland ","6x0,75l","53.1302","7.8546","19"
"539157","Weißburgunder Sander trocken QbA 2025","Weingut Sander","Deutschland","Naturland ","6x0,75l","37.7078","5.5746","19"
"539158","Sander Rosé Nuancé QbA trocken 2025","Weingut Sander","Deutschland","Naturland ","6x0,75l","34.6233","5.1186","19"
"539159","Blanc de Noir trocken QbA 2025","Weingut Sander","Deutschland","Naturland ","6x0,75l","37.7078","5.5746","19"
"539201","Chardonnay BISTROTHÉQUE IGP 2024","Peter Riegel Weinhandel","Frankreich","EG-Bio","6x0,75l","26.2181","3.876","19"
"539202","Merlot BISTROTHÉQUE IGP 2022","Peter Riegel Weinhandel","Frankreich","EG-Bio","6x0,75l","26.2181","3.876","19"
"539206","Landpartie Glühwein weiß 9,8% Vol.","Peter Riegel Weinhandel","Deutschland","100% Biozutaten","6x0,75l","18.8924","2.793","19"
"539208","Landpartie Premium Glüher rot alkoholfrei","Peter Riegel Weinhandel","Deutschland","EG-Bio","6x0,735l","20.4347","3.021","19"
"539209","Vinnocence alkoholfrei Glüher","Peter Riegel Weinhandel","Deutschland","EG-Bio","6x0,75l","22.748","3.363","19"
"539211","Birnauer Spätburgunder rosé QW 2024","Peter Riegel Weinhandel","Regional","EG-Bio","6x0,75l","50.1228","7.41","19"
"539230","Châteauneuf du Pape André AOC 2020","Peter Riegel Weinhandel","Frankreich","EG-Bio","0,75l","42.3473","6.2605","19"
"539231","Camino rosado 2025 - Kleinflasche","Peter Riegel Weinhandel","Spanien","EG-Bio","12x0,25l","18.3527","2.7132","19"
"539235","Nero d`Avola Antura Maggio DOP 2022","Peter Riegel Weinhandel","Italien","EG-Bio","6x0,75l","38.4789","5.6886","19"
"539239","Feuerzangenbowle mit Alkohol 10,9% Vol.","Peter Riegel Weinhandel","Spanien","100% Biozutaten","6x0,75l","18.5069","2.736","19"
"539253","Chardonnay Osteria DEMETER IGT 2024","Peter Riegel Weinhandel","Italien","Demeter (Deutschland)","6x0,75l","24.753","3.6594","19"
"539260","HUGO der ehrliche 5,8% Vol. - Picccolo","Peter Riegel Weinhandel","Europäische Union","100% Biozutaten","12x0,25l","24.9843","3.6936","19"
"539266","Primitivo Ruminat Lunaria DEMETER IGT 2024","Peter Riegel Weinhandel","Italien","Demeter (Deutschland)","6x0,75l","45.1105","6.669","19"
"539267","Chianti San Michele DOCG' 2022","Peter Riegel Weinhandel","Italien","100% Biozutaten","6x0,75l","45.419","6.7146","19"
"539268","Bucefalo rosso uve appassite Lunaria DEMETER","Peter Riegel Weinhandel","Italien","Demeter (Deutschland)","6x0,75l","50.0457","7.3986","19"
"539269","Pecorino Civitas Terre di Chieti Lunaria IGT 2025","Peter Riegel Weinhandel","Italien","Demeter (Deutschland)","6x0,75l","37.7849","5.586","19"
"539270","Pinot Grigio Terre di Ch. Lunaria DEMETER IGT 2025","Peter Riegel Weinhandel","Italien","Demeter (Deutschland)","6x0,75l","42.026","6.213","19"
"539271","Montepulc. Coste di Moro Lunaria DEMETER DOC 2020","Peter Riegel Weinhandel","Italien","Demeter (Deutschland)","6x0,75l","42.026","6.213","19"
"539272","Cerasuolo d'Abruz. rosato Lunaria DEMETER DOP 2025","Peter Riegel Weinhandel","Italien","Demeter (Deutschland)","6x0,75l","42.026","6.213","19"
"539278","Malvasia Terre di Chieti Lunaria DEMETER IGT 2024","Peter Riegel Weinhandel","Italien","Demeter (Deutschland)","6x0,75l","37.7849","5.586","19"
"539279","Trebbiano Charisma Lunaria DEMETER DOC 2023","Peter Riegel Weinhandel","Italien","Demeter (Deutschland)","6x0,75l","37.7078","5.5746","19"
"539282","Flor Natural blanco VdT 2024","Peter Riegel Weinhandel","Spanien","EG-Bio","6x0,75l","17.7358","2.622","19"
"539283","Flor Natural rosado VdT 2023","Peter Riegel Weinhandel","Spanien","EG-Bio","6x0,75l","17.7358","2.622","19"
"539284","Flor Natural tinto VdT","Peter Riegel Weinhandel","Spanien","EG-Bio","6x0,75l","17.7358","2.622","19"
"539304","Chardonnay Gens et Pierres 2024","Peter Riegel Weinhandel","Frankreich","EG-Bio","6x0,75l","38.4789","5.6886","19"
"539307","Lambrusco di Modena Fratello Sole DOC","Peter Riegel Weinhandel","Italien","EG-Bio","6x0,75l","33.5437","4.959","19"
"539310","Château de Caraguilhes rouge Corbières AOP 2023","Peter Riegel Weinhandel","Frankreich","EG-Bio","6x0,75l","57.7569","8.5386","19"
"539318","Bardolino Chiaretto Corte del Pozzo Rosé 2025 DOC","Peter Riegel Weinhandel","Italien","EG-Bio","6x0,75l","33.8522","5.0046","19"
"539319","Fiori Naturali Bianco 2024","Peter Riegel Weinhandel","Italien","EG-Bio","6x0,75l","17.89","2.6448","19"
"539320","Fiori Naturali Rosso 2024","Peter Riegel Weinhandel","Italien","EG-Bio","6x0,75l","17.89","2.6448","19"
"539324","Montepulc. Coste di Moro Riserva DEMETER DOP 2017","Peter Riegel Weinhandel","Italien","Demeter (Deutschland)","6x0,75l","63.2318","9.348","19"
"539328","Rieslingsekt trocken Friedrich DEMETER","Peter Riegel Weinhandel","Deutschland","Demeter (Deutschland)","6x0,75l","58.528","8.6526","19"
"539348","Sauvignon Blanc QW Keth 2024","Peter Riegel Weinhandel","Deutschland","EG-Bio","6x0,75l","36.1655","5.3466","19"
"539349","Cuvée Aufspiel rosé QW Keth 2023","Peter Riegel Weinhandel","Deutschland","EG-Bio","6x0,75l","32.7726","4.845","19"
"539353","Gerdas Glühwein rot DEMETER 11,8% Vol.","Peter Riegel Weinhandel","Europäische Union","Demeter (Deutschland)","6x0,75l","23.5192","3.477","19"
"539356","Pfandskerl Weiß","Peter Riegel Weinhandel","Deutschland","EG-Bio","6x1,0l","27.6061","4.0812","19"
"539357","Pfandskerl Rot 2024","Peter Riegel Weinhandel","Deutschland","EG-Bio","6x1,0l","27.6061","4.0812","19"
"539360","Nero d'Avola 'Chiaramontesi' Luna Gaia DOP 2021","Peter Riegel Weinhandel","Italien","Demeter (Deutschland)","6x0,75l","40.4838","5.985","19"
"539363","Rosato Spumante 'Violette' Pizzolato","Peter Riegel Weinhandel","Italien","EG-Bio","6x0,75l","52.0506","7.695","19"
"539364","Weißburgunder QW Keth 2025","Peter Riegel Weinhandel","Deutschland","EG-Bio","6x0,75l","37.9391","5.6088","19"
"539368","Primitivo Salento Perrini IGT 2022","Peter Riegel Weinhandel","Italien","EG-Bio","6x0,75l","48.195","7.125","19"
"539369","Montepulc. Coste di Moro Lunaria DEMETER DOC 2020","Peter Riegel Weinhandel","Italien","Demeter (Deutschland)","12x0,375l","57.0629","8.436","19"
"539371","Bucefalo Pinot Grigio appassite Lunaria 2025 DEMET","Peter Riegel Weinhandel","Italien","Demeter (Deutschland)","6x0,75l","51.2795","7.581","19"
"539377","La Fête blanc","Peter Riegel Weinhandel","Frankreich","EG-Bio","6x0,75l","22.748","3.363","19"
"539380","Montepulciano d'Abruzzo Babalu DOP 2022 DEMETER","Peter Riegel Weinhandel","Italien","Demeter (Deutschland)","6x0,75l","40.4838","5.985","19"
"539381","Primitivo Terre di Chieti Babalu IGP 2023 DEMETER","Peter Riegel Weinhandel","Italien","Demeter (Deutschland)","6x0,75l","47.8094","7.068","19"
"539383","Lume Lugana DOC 2024 Fasoli","Peter Riegel Weinhandel","Italien","EG-Bio","6x0,75l","75.4926","11.1606","19"
"539420","Caballero andante tinto SO2-frei DO 2024","Peter Riegel Weinhandel","Spanien","EG-Bio","6x0,75l","32.3099","4.7766","19"
"539425","Chapelle Saint Pierre Rosé Saint Chinian AOC 2024","Peter Riegel Weinhandel","Frankreich","EG-Bio","6x0,75l","40.0211","5.9166","19"
"539426","Chapelle Saint Pierre Rouge Saint Chinian AOC 2024","Peter Riegel Weinhandel","Frankreich","Umstellungsware","6x0,75l","40.0211","5.9166","19"
"539431","Pinot Bianco Osteria DEMETER IGT 2024","Peter Riegel Weinhandel","Italien","Demeter (Deutschland)","6x0,75l","24.753","3.6594","19"
"539434","Mirasoles Appassimento 2023 Pablo Parra","Peter Riegel Weinhandel","Spanien","EG-Bio","6x0,75l","43.5683","6.441","19"
"539440","Landpartie Rheinhessen Landwein 2023 rot 0,375l","Peter Riegel Weinhandel","Deutschland","EG-Bio","12x0,375l","38.2476","5.6544","19"
"539449","Cerasuolo d'Abruzzo Rosato Osteria DEMETER DOC2024","Peter Riegel Weinhandel","Italien","Demeter (Deutschland)","6x0,75l","24.753","3.6594","19"
"539451","Chianti La Fraschetta Marcialla DOCG 2024","Peter Riegel Weinhandel","Italien","EG-Bio","6x0,75l","41.2549","6.099","19"
"539452","Spumante Bianco Extra Dry Pizzolato","Peter Riegel Weinhandel","Italien","EG-Bio","6x0,75l","52.0506","7.695","19"
"539454","Camino rosado - BagInBox","Peter Riegel Weinhandel","Spanien","EG-Bio","3,0l","8.9835","1.3281","19"
"539455","Camino blanco - BagInBox","Peter Riegel Weinhandel","Spanien","EG-Bio","3,0l","8.9835","1.3281","19"
"539457","Rosato Spumante Extra Dry Pizzolato MAGNUM","Peter Riegel Weinhandel","Italien","EG-Bio","1,5l","23.6477","3.496","19"
"539458","Nero d`Avola Riserva Antura Maggio DOP 2021","Peter Riegel Weinhandel","Italien","EG-Bio","6x0,75l","46.6528","6.897","19"
"539460","Bucefalo Primitivo Vino Passito IGP LunariaDEMETER","Peter Riegel Weinhandel","Italien","Demeter (Deutschland)","6x0,75l","51.2795","7.581","19"
"539462","Rosato Spumante Pizzolato Mini","Peter Riegel Weinhandel","Italien","EG-Bio","24x0,2l","101.4794","15.0024","19"
"539473","Vinnocence Chardonnay 0% alkoholfrei","Peter Riegel Weinhandel","Deutschland","EG-Bio","6x0,75l","26.7579","3.9558","19"
"539474","Vinnocence Merlot 0% alkoholfrei","Peter Riegel Weinhandel","Deutschland","S#","6x0,75l","31.5388","4.6626","19"
"539475","Vinnocence Mousseux 0% alkoholfrei","Peter Riegel Weinhandel","Deutschland","EG-Bio","6x0,75l","27.2976","4.0356","19"
"539482","Riesling QW Keth 2025","Peter Riegel Weinhandel","Deutschland","EG-Bio","6x0,75l","36.1655","5.3466","19"
"539496","Moscato Spumante Dolce Pizzolato","Peter Riegel Weinhandel","Italien","EG-Bio","6x0,75l","56.2146","8.3106","19"
"539506","Garnacha Unexpected Tinto 2024 Pago Ayles","Peter Riegel Weinhandel","Spanien","EG-Bio","6x0,75l","37.168","5.4948","19"
"539507","Pfandskerl Rosé 2024","Peter Riegel Weinhandel","Deutschland","EG-Bio","6x1,0l","27.6061","4.0812","19"
"539516","Landpartie Sekt mild","Peter Riegel Weinhandel","Deutschland","EG-Bio","6x0,75l","40.0211","5.9166","19"
"539519","Shiraz Stellar Organics 2025 - ohne SO2","Peter Riegel Weinhandel","Südafrika","EG-Bio","6x0,75l","36.9366","5.4606","19"
"539525","Casa los Pinos Rosado 2024","Peter Riegel Weinhandel","Spanien","EG-Bio","6x1,0l","21.8998","3.2376","19"
"539526","Casa los Pinos Blanco 2024","Peter Riegel Weinhandel","Spanien","EG-Bio","6x1,0l","21.8998","3.2376","19"
"539527","La Meseta Tinto VdlT Tierra de Castilla 2024","Peter Riegel Weinhandel","Spanien","EG-Bio","6x1,0l","19.5864","2.8956","19"
"539528","La Meseta Blanco VdlT Tierra de Castilla 2024","Peter Riegel Weinhandel","Spanien","EG-Bio","6x1,0l","19.5864","2.8956","19"
"539529","Riesling QW Stefan J.Schmitzer 2024 DEMETER","Peter Riegel Weinhandel","Deutschland","Demeter (Deutschland)","6x0,75l","35.8571","5.301","19"
"539530","Grauburgunder QW Stefan J.Schmitzer 2025 DEMETER","Peter Riegel Weinhandel","Deutschland","Demeter (Deutschland)","6x0,75l","35.8571","5.301","19"
"539531","Rosé QW Stefan J.Schmitzer 2024 DEMETER","Peter Riegel Weinhandel","Deutschland","Demeter (Deutschland)","6x0,75l","35.8571","5.301","19"
"539535","Gerdas Glühwein weiß DEMETER 9,9% Vol.","Peter Riegel Weinhandel","Europäische Union","Demeter (Deutschland)","6x0,75l","23.5192","3.477","19"
"539536","Prosecco Spumante DOC Brut Pizzolato","Peter Riegel Weinhandel","Italien","EG-Bio","6x0,75l","55.4435","8.1966","19"
"539537","Prosecco Spumante DOC Brut Pizzolato Mini","Peter Riegel Weinhandel","Italien","EG-Bio","24x0,2l","107.6484","15.9144","19"
"539545","Patria Chica Vino de Pago 2023 Pago Aylés","Peter Riegel Weinhandel","Spanien","EG-Bio","6x0,75l","51.5879","7.6266","19"
"539546","Birnauer Sekt b.A. Baden Brut","Peter Riegel Weinhandel","Deutschland","EG-Bio","6x0,75l","71.637","10.5906","19"
"539558","Grauburgunder QW Rheinhessen Keth 2025","Peter Riegel Weinhandel","Deutschland","EG-Bio","6x0,75l","36.1655","5.3466","19"
"539559","Riesling QW Rheinhessen 2022 Keth Mehrweg","Peter Riegel Weinhandel","Deutschland","EG-Bio","6x1,0l","38.9416","5.757","19"
"539561","Rebstoff Pinot Blanc alkoholfrei Keth 2025","Peter Riegel Weinhandel","Deutschland","EG-Bio","6x0,75l","37.7078","5.5746","19"
"539569","Grillo Mbettata Sicilia Lunaria DEMETER DOP 2024","Peter Riegel Weinhandel","Italien","Demeter (Deutschland)","6x0,75l","38.4789","5.6886","19"
"539570","Soave Becco DOC 2024","Peter Riegel Weinhandel","Italien","EG-Bio","6x1,0l","26.3723","3.8988","19"
"539571","Primitivo Becco IGT Puglia 2025","Peter Riegel Weinhandel","Italien","EG-Bio","6x1,0l","26.3723","3.8988","19"
"539572","Appassimento Rosso Veronese IGT Collezione 2020","Peter Riegel Weinhandel","Italien","EG-Bio","6x0,75l","69.3237","10.2486","19"
"539588","Tempranillo Vina Bujanda Rioja D.O.Ca. 2021","Peter Riegel Weinhandel","Spanien","","6x0,75l","36.1655","5.3466","19"
"539589","Tempranillo Vina Bujanda Rioja D.O.Ca.","Peter Riegel Weinhandel","Spanien","EG-Bio","12x0,375l","46.5756","6.8856","19"
"539594","ENGEL Riesling alkoholfrei","Peter Riegel Weinhandel","Deutschland","EG-Bio","6x0,75l","48.195","7.125","19"
"539597","La Chapelle Saint Chinian Blanc AOC 2021","Peter Riegel Weinhandel","Frankreich","EG-Bio","6x0,75l","59.2991","8.7666","19"
"539600","PFANDtastico Pinot Grigio IGT 2024 Mehrweg","Peter Riegel Weinhandel","Italien","EG-Bio","6x0,75l","23.5192","3.477","19"
"539601","PFANDtastico Primitivo IGT 2024 Mehrweg","Peter Riegel Weinhandel","Italien","EG-Bio","6x0,75l","23.5192","3.477","19"
"539602","PFANDtastico Blanco 2024 Mehrweg","Peter Riegel Weinhandel","Spanien","EG-Bio","6x0,75l","18.1213","2.679","19"
"539603","PFANDtastico Rosado 2024 Mehrweg","Peter Riegel Weinhandel","Spanien","EG-Bio","6x0,75l","18.1213","2.679","19"
"539604","PFANDtastico Tinto 2024 Mehrweg","Peter Riegel Weinhandel","Spanien","EG-Bio","6x0,75l","18.1213","2.679","19"
"539605","Funky Tonic Twist","Peter Riegel Weinhandel","Europäische Union","100% Biozutaten","12x0,275l","22.9794","3.3972","19"
"539606","Funky Tonic Twist","Peter Riegel Weinhandel","Europäische Union","100% Biozutaten","6x0,75l","23.0565","3.4086","19"
"539610","Vino Pasamonte Los Balagueses D.O.P. 2021","Peter Riegel Weinhandel","Spanien","EG-Bio","6x0,75l","60.8414","8.9946","19"
"539620","Auxerrois QW Pfalz 2025 Kesselring","Peter Riegel Weinhandel","Deutschland","EG-Bio","6x0,75l","38.9416","5.757","19"
"539621","Muskateller QW Pfalz feinherb Kesselring 2025","Peter Riegel Weinhandel","Deutschland","EG-Bio","6x0,75l","38.9416","5.757","19"
"539629","Landparty Weiß alkoholfrei","Peter Riegel Weinhandel","Deutschland","S#","6x0,75l","26.141","3.8646","19"
"539630","Landparty Rot alkoholfrei","Peter Riegel Weinhandel","Deutschland","S#","6x0,75l","26.141","3.8646","19"
"539631","Rebstoff Pinot Gris alkoholfrei Keth","Peter Riegel Weinhandel","Deutschland","EG-Bio","6x0,75l","37.7078","5.5746","19"
"539635","Mas Enguera Tinto Valencia D.O. 2022 Enguera","Peter Riegel Weinhandel","Spanien","EG-Bio","6x0,75l","61.6125","9.1086","19"
"539641","Vermador Tinto Barrica Alicante D.O.2024 Pinoso","Peter Riegel Weinhandel","Spanien","EG-Bio","6x0,75l","32.7726","4.845","19"
"539644","Vinnocence Rosé 0% alkoholfrei","Peter Riegel Weinhandel","Deutschland","S#","6x0,75l","31.5388","4.6626","19"
"539648","Barolo Piccole Vigne Erbaluna DOCG 2020","Peter Riegel Weinhandel","Italien","EG-Bio","0,75l","28.917","4.275","19"
"539649","Mantra Lokah Blanco Verdejo-Sauvignon blanc 2025","Peter Riegel Weinhandel","Spanien","Naturland ","6x0,75l","21.5914","3.192","19"
"539650","Mantra Lokah Rosado Garnacha-Monastrell 2025","Peter Riegel Weinhandel","Spanien","Naturland ","6x0,75l","21.5914","3.192","19"
"539651","Mantra Lokah Tinto Tempranillo-Merlot 2024","Peter Riegel Weinhandel","Spanien","Naturland ","6x0,75l","21.5914","3.192","19"
"539653","Primitivo Rosato Mezzogiorno IGT 2024","Peter Riegel Weinhandel","Italien","EG-Bio","6x0,75l","23.5192","3.477","19"
"539654","Sauvignon blanc QW Stefan J.Schmitzer2024 DEMETER","Peter Riegel Weinhandel","Deutschland","Demeter (Deutschland)","6x0,75l","35.8571","5.301","19"
"539655","Spritz Lou & Leo Sgarzi 6,9%Vol.","Peter Riegel Weinhandel","Italien","98%","6x0,75l","29.6881","4.389","19"
"539656","Spritz Lou & Leo Sgarzi alkoholfrei","Peter Riegel Weinhandel","Italien","98%","6x0,75l","29.6881","4.389","19"
"539657","Sauvignon blanc alkoholfrei 2024 Weinmann","Peter Riegel Weinhandel","Deutschland","EG-Bio","6x0,75l","45.8816","6.783","19"
"539658","Gens et Pierres Chardonnay alkoholfrei","Peter Riegel Weinhandel","Frankreich","EG-Bio","6x0,75l","38.4789","5.6886","19"
"539660","Rosé Spumante Pizzolato alkoholfrei","Peter Riegel Weinhandel","Italien","EG-Bio","6x0,75l","51.2795","7.581","19"
"539661","Rosé Spumante Pizzolato alkoholfrei Mini","Peter Riegel Weinhandel","Italien","EG-Bio","24x0,2l","100.2456","14.82","19"
"539663","Grauburgunder QW Pfalz 2024 Mehrweg by Schmitzer","Peter Riegel Weinhandel","Deutschland","EG-Bio","6x0,75l","26.141","3.8646","19"
"539664","Chianti classico Casaloste DOCG 2021","Peter Riegel Weinhandel","Italien","EG-Bio","0,75l","17.0803","2.5251","19"
"539667","Apfel-Cidre Les 3 Frères fermier Brut 5,5% Vol.","Peter Riegel Weinhandel","Frankreich","100% Biozutaten","6x0,75l","35.3944","5.2326","19"
"539668","Apfel-Cidre Les 3 Frères fermier Doux 2% Vol.","Peter Riegel Weinhandel","Frankreich","100% Biozutaten","6x0,75l","35.3944","5.2326","19"
"539671","SPRITZ Aperitivo alkoholfrei Pizzolato","Peter Riegel Weinhandel","Italien","96%","12x0,275l","28.5314","4.218","19"
"539672","HUGO Aperitivo alkoholfrei Pizzolato","Peter Riegel Weinhandel","Italien","96%","12x0,275l","28.5314","4.218","19"
"539673","BELLINI Aperitivo alkoholfrei Pizzolato","Peter Riegel Weinhandel","Italien","96%","12x0,275l","28.5314","4.218","19"
"539674","Landpartie Rheinhessen Landwein 2024 weiß 0,25l","Peter Riegel Weinhandel","Deutschland","EG-Bio","12x0,25l","25.7554","3.8076","19"
"539675","Landpartie Rheinhessen Landwein 2024 rot 0,25l","Peter Riegel Weinhandel","Deutschland","EG-Bio","12x0,25l","25.7554","3.8076","19"
"539676","Pinot Grigio delle Venezie DOC 2024 Fasoli","Peter Riegel Weinhandel","Italien","EG-Bio","6x0,75l","38.4789","5.6886","19"
"539678","Le Blaireau Vieux Carignans 2023/24 Mas de Quernes","Peter Riegel Weinhandel","Frankreich","Umstellungsware","6x0,75l","48.5034","7.1706","19"
"539679","Riesling Grüne Hügel Rheinhessen QW 2024 Immel","Peter Riegel Weinhandel","Deutschland","EG-Bio","6x0,75l","42.3345","6.2586","19"
"539680","Armonia rouge Grande Réserve Domaine Bassac 2022","Peter Riegel Weinhandel","Frankreich","EG-Bio","6x0,75l","45.8816","6.783","19"
"539683","Vina Bujanda Rioja Crianza D.O.Ca. 2021","Peter Riegel Weinhandel","Spanien","EG-Bio","6x0,75l","49.7372","7.353","19"
"539684","Merlot Gens et Pierres 2023","Peter Riegel Weinhandel","Frankreich","EG-Bio","6x0,75l","36.9366","5.4606","19"
"539685","Liv Vinho Verde DOC 2025 A&D Wines","Peter Riegel Weinhandel","Portugal","EG-Bio","6x0,75l","36.3969","5.3808","19"
"539686","Casa de la Ermita Roble Jumilla D.O.P. 2024","Peter Riegel Weinhandel","Spanien","EG-Bio","6x0,75l","38.4789","5.6886","19"
"539687","Landparty Spritz Himbeer & Limette","Peter Riegel Weinhandel","Spanien","95%","6x0,75l","25.0614","3.705","19"
"539688","Landparty Rosé alkoholfrei","Peter Riegel Weinhandel","Spanien","100% Biozutaten","6x0,75l","25.0614","3.705","19"
"539689","Pinot Grigio Kesselring alkoholfrei","Peter Riegel Weinhandel","Deutschland","100% Biozutaten","6x0,75l","43.8767","6.4866","19"
"539690","Chapelle Saint Pierre Blanc 2025","Peter Riegel Weinhandel","Frankreich","EG-Bio","6x0,75l","40.0211","5.9166","19"
"539691","Limoni Spritz Aperitivo 5,8%Vol.","Peter Riegel Weinhandel","Europäische Union","98%","6x0,75l","34.3148","5.073","19"
"539933","Federweißer aus der Pfalz 2025","Zellertaler","Deutschland","EG-Bio","6x1,0l","19.2009","2.8386","19"
"581413","Mirin süßer Reiswein","Terrasana","Japan","100% Biozutaten","6x250ml","28.4543","4.2066","7"
"592943","Mango Limes Likör 16% FairTrade","Weltpartner","Diverse","100% Biozutaten","350ml","12.6978","1.8772","19"
"630112","Freies Gold alkoholfrei BIOLAND","Brauerei Clemens Härle","Regional","Bioland","20x0,33l","19.535","2.888","19"
"630113","Freies Gold alkoholfrei BIOLAND","Brauerei Clemens Härle","Regional","Bioland","20x0,5l","22.6195","3.344","19"
"630115","Freie Weisse alkoholfrei BIOLAND","Brauerei Clemens Härle","Regional","Bioland","20x0,5l","22.6195","3.344","19"
"630116","ApfelGold alkoholfrei BIOLAND","Brauerei Clemens Härle","Regional","Bioland","20x0,33l","16.9646","2.508","19"
"630521","WUNDERBRAEU Helles","Wunderbräu","Deutschland","100% Biozutaten","20x0,5l","26.4751","3.914","19"
"630522","WUNDERBRAEU Weizen Alkoholfrei","Wunderbräu","Deutschland","100% Biozutaten","20x0,5l","26.4751","3.914","19"
"630523","WUNDERBRAEU Weizen","Wunderbräu","Deutschland","100% Biozutaten","20x0,5l","26.4751","3.914","19"
"630524","WUNDERBRAEU Alkoholfrei","Wunderbräu","Deutschland","100% Biozutaten","20x0,5l","26.4751","3.914","19"
"630527","WUNDERBRAEU Grapefruit Radler Alkoholfrei","Wunderbräu","Deutschland","100% Biozutaten","20x0,5l","26.4751","3.914","19"
"630541","Riedenburger Emmerbier alkoholfrei BIOLAND","Riedenburger","Bayern","Bioland","20x0,5l","27.7603","4.104","19"
"630544","Riedenburger Dunkel Radler alkoholfrei BIOLAND","Riedenburger","Deutschland","Bioland","10x0,5l","12.7235","1.881","19"
"630545","Riedenburger Dunkel alkoholfrei BIOLAND","Riedenburger","Deutschland","Bioland","10x0,5l","12.7235","1.881","19"
"638007","Aronia Glühwein 9%Vol.","Aronia Original","Diverse","100% Biozutaten","6x0,75l","22.748","3.363","19"
"638022","Regent Hagnauer Terra DEMETER QW 2023","Winzerverein Hagnau","Regional","Demeter (Deutschland)","6x0,75l","60.0702","8.8806","19"
"638024","Spätburgunder Hagnauer Terra DEMETER QW 2023","Winzerverein Hagnau","Regional","Demeter (Deutschland)","6x0,75l","60.0702","8.8806","19"
"638025","Müller-Thurgau Hagnauer Terra DEMETER QW 2023","Winzerverein Hagnau","Regional","Demeter (Deutschland)","6x0,75l","47.7323","7.0566","19"
"638026","Spätburgunder Rosé Hagnauer Terra DEMETER QW 2023","Winzerverein Hagnau","Regional","Demeter (Deutschland)","6x0,75l","50.0457","7.3986","19"
"638075","Pfalzwasser weiß Riesling-Secco alkoholfrei","Winade","Deutschland","EG-Bio","6x0,75l","43.1056","6.3726","19"
"638080","Winade weiß & spritzig alkoholfrei","Winade","Diverse","100% Biozutaten","12x0,33l","30.0737","4.446","19"
"638081","Winade rosé & spritzig alkoholfrei","Winade","Diverse","100% Biozutaten","12x0,33l","30.0737","4.446","19"
"638084","Nuspritz weiß perlig alkoholfrei","Winade","Deutschland","EG-Bio","6x0,75l","57.7569","8.5386","19"
"638086","Nuwyne weiß Weißwein alkoholfrei","Winade","Deutschland","EG-Bio","6x0,75l","48.195","7.125","19"
"638595","Vodka Sound 38% Vol","Good Sip","Diverse","100% Biozutaten","0,5l","20.4989","3.0305","19"
"638596","Gin Sound 42% Vol","Good Sip","Diverse","100% Biozutaten","0,5l","25.3827","3.7525","19"
"638597","Ginger Sound 15% Vol","Good Sip","Diverse","100% Biozutaten","0,5l","17.9285","2.6505","19"
"638600","Autori de. Grappa Moscato Torelli Rovero 41%Vol.","Dschinn","Italien","EG-Bio","0,5l","20.6917","3.059","19"
"638601","Autori de. Grappa Nebbiolo Erbaluna Rovero 41%Vol.","Dschinn","Italien","EG-Bio","0,5l","20.6917","3.059","19"
"638602","Autori de. Grappa Barbera Affinata Rovero 41%Vol.","Dschinn","Italien","100% Biozutaten","0,5l","24.0204","3.5511","19"
"638604","Underberg Magenbitter 44%Vol.","Dschinn","Diverse","100% Biozutaten","3x20ml","2.8917","0.4275","19"
"638605","Kirsch - Pflümli - Williams - Gravensteiner - 4er","Dschinn","Schweiz","Bio-Suisse","4x20ml","9.6261","1.4231","19"
"638607","Kirsch Humbel 40%Vol. - Kleingröße","Dschinn","Schweiz","Bio-Suisse","12x20ml","25.447","3.762","19"
"638608","Williams Humbel 40%Vol. - Kleingröße","Dschinn","Schweiz","Bio-Suisse","12x20ml","25.9096","3.8304","19"
"638611","Amaretto Mandellikör Walcher 28%Vol.","Dschinn","Diverse","100% Biozutaten","0,7l","16.6947","2.4681","19"
"638612","Sambuca Biostilla Walcher 40%Vol.","Dschinn","Diverse","100% Biozutaten","0,7l","19.2651","2.8481","19"
"638614","Gin organic mediterraneo Biostilla 40%Vol.","Dschinn","Italien","100% Biozutaten","0,7l","23.5063","3.4751","19"
"638629","Pastis Cherry Rocher 45%Vol.","Dschinn","Frankreich","100% Biozutaten","0,7l","22.8637","3.3801","19"
"638630","Rum braun Ron de Marinero Fair Trade 40%Vol.","Dschinn","Brasilien","EG-Bio","0,35l","13.8673","2.0501","19"
"638631","Rum weiß Ron Blanco de Cuba Guajira 40%Vol.","Dschinn","C","EG-Bio","0,7l","21.1929","3.1331","19"
"638632","Rum braun Ron de Marinero Fair Trade 40%Vol.","Dschinn","Brasilien","100% Biozutaten","0,7l","21.5785","3.1901","19"
"638634","Gin White Socks 40%Vol.","Dschinn","Diverse","100% Biozutaten","0,7l","19.6507","2.9051","19"
"638636","Rum braun Ron de Marinero FairTrade 40%Vol.","Dschinn","Brasilien","EG-Bio","12x20ml","17.89","2.6448","19"
"638637","The Beauty Organic Gin 42%Vol.","Dschinn","Baden-Württemberg","100% Biozutaten","0,5l","26.2052","3.8741","19"
"638638","Mainland Whisky 40%Vol.","Dschinn","Diverse","100% Biozutaten","0,5l","28.0174","4.142","19"
"638639","Grappa Bianca del Contadino 40%Vol.","Dschinn","Italien","Bio-Suisse","0,35l","14.7669","2.1831","19"
"638640","Mondino Amaro Bavarese 18%Vol.","Brennerei Schnitzer","Diverse","100% Biozutaten","0,7l","17.9799","2.6581","19"
"638641","MONDINO – Amaro Bavarese 0,1l","Brennerei Schnitzer","Diverse","100% Biozutaten","0,1L","6.1561","0.9101","19"
"638644","Single Malt Scotch Whisky Benromach 46%Vol.","Dschinn","Großbritannien+Insel Man","100% Biozutaten","0,7l","53.9141","7.9705","19"
"638646","Grappa Bianca 40%Vol.","Dschinn","Italien","Bio-Suisse","0,5l","18.3655","2.7151","19"
"638650","Glüx für Glühgin 22% Vol.","Dschinn","Italien","EG-Bio","0,7l","15.3581","2.2705","19"
"638653","Vermouth Autentico Appiano Bianco 16%Vol.","Dschinn","Diverse","100% Biozutaten","0,75l","12.5821","1.8601","19"
"638654","Limoncello Biostilla 25%Vol.","Dschinn","Diverse","100% Biozutaten","0,5l","11.811","1.7461","19"
"638655","Arancello Biostilla 25%Vol.","Dschinn","Diverse","100% Biozutaten","0,5l","11.811","1.7461","19"
"638656","Nocciola Haselnusslikör Biostilla 28%Vol.","Dschinn","Diverse","100% Biozutaten","0,5l","15.3581","2.2705","19"
"638657","The Beast Organic Gin 42%Vol.","Dschinn","Baden-Württemberg","100% Biozutaten","0,5l","28.2101","4.1705","19"
"638660","The Beauty Free Organic alkoholfrei","Dschinn","Baden-Württemberg","100% Biozutaten","0,5l","13.7388","2.0311","19"
"638661","Guajira Bio Fair Trade Rum Metodo Dulceseco 40Vol.","Dschinn","Diverse","100% Biozutaten","0,5l","22.6067","3.3421","19"
"638662","ARTWERK Brandy 40%Vol.","Dschinn","Diverse","100% Biozutaten","0,5l","22.8637","3.3801","19"
"638664","Öbstler Obstbrand 40%Vol.","Dschinn","Schweiz","100% Biozutaten","0,35l","14.1243","2.0881","19"
"638666","Aperitivo VeneZero alkoholfrei","Dschinn","Diverse","99%","0,75l","10.3844","1.5352","19"
"638667","Öbstler Obstbrand 40%Vol.","Dschinn","Diverse","100% Biozutaten","0,7l","27.6189","4.0831","19"
"638668","Mountain Cream Crema di Nocciola 17%Vol.","Dschinn","Diverse","100% Biozutaten","0,5l","14.7669","2.1831","19"
"638669","Mountain Cream Crema di Pistacchio 17%Vol.","Dschinn","Diverse","100% Biozutaten","0,5l","15.5509","2.299","19"
"638670","Americano Aperitivo Rovero 16%Vol.","Dschinn","Diverse","100% Biozutaten","0,75l","16.0007","2.3655","19"
"638671","Paradiso Perduto Aperitivo Spritz alkoholfrei","Dschinn","Diverse","99%","0,75l","10.0117","1.4801","19"
"638672","Biostilla Anima di Limone Limoncello alkoholfrei","Dschinn","Diverse","99%","0,5l","8.2124","1.2141","19"
"638673","Paradiso Aperitivo Spritz 15%Vol.","Dschinn","Diverse","98%","0,7l","12.1965","1.8031","19"
"638685","Cocktail Mojito 10,3% Vol.","Served by Nohrlund","Dänemark","100% Biozutaten","12x180ml","31.6159","4.674","19"
"638686","Espresso Martini 10,3% Vol.","Served by Nohrlund","Dänemark","100% Biozutaten","12x180ml","31.6159","4.674","19"
"638687","Gin & Mango Smash 10,3% Vol.","Served by Nohrlund","Dänemark","100% Biozutaten","12x180ml","31.6159","4.674","19"
"638688","Gin & Tonic 10,3% Vol.","Served by Nohrlund","Dänemark","100% Biozutaten","12x180ml","31.6159","4.674","19"
"638705","Chaval Macabeo blanco DO","San Vicario","Spanien","100% Biozutaten","6x0,75l","36.2426","5.358","19"
"638706","Chaval Bobal rosado DO","San Vicario","Spanien","100% Biozutaten","6x0,75l","36.2426","5.358","19"
"638717","La Marchesa Rosato Nero di Troia IGT Puglia","San Vicario","Italien","100% Biozutaten","6x0,75l","53.9013","7.9686","19"
"638719","La Marchesa Primitivo IGT Puglia","San Vicario","Italien","100% Biozutaten","6x0,75l","53.9013","7.9686","19"
"638800","Red Juliet Aperitivo 13% Vol","Aperitivo Kollektiv IV","Deutschland","100% Biozutaten","6x0,75l","48.195","7.125","19"
"638801","Hyggelig weißer Aperitivo 12% Vol","Aperitivo Kollektiv IV","Deutschland","100% Biozutaten","6x0,75l","48.195","7.125","19"
"638802","Røsabel Aperitivo 10,5% Vol","Aperitivo Kollektiv IV","Deutschland","100% Biozutaten","6x0,75l","48.195","7.125","19"
"638810","Sankt Sprizz Classic 5%","Aperitivo Kollektiv IV","Deutschland","100% Biozutaten","15x200ml","40.8694","6.042","19"
"638812","Sankt Sprizz Light 1%","Aperitivo Kollektiv IV","Deutschland","100% Biozutaten","15x200ml","40.8694","6.042","19"
"638814","Sankt Sprizz Senza 0,0%","Aperitivo Kollektiv IV","Deutschland","100% Biozutaten","15x200ml","40.8694","6.042","19"
"685074","Sake Reiswein Junmai","Terrasana","Japan","100% Biozutaten","300ml","10.1017","1.4934","19"
"685436","NARDI Prosecco DOC Vino Frizzante","Bio Gourmet","Italien","100% Biozutaten","6x750ml","50.0457","7.3986","19"
"685437","Torboli Limoncello","Bio Gourmet","Diverse","100% Biozutaten","500ml","16.3863","2.4225","19"
"685448","Saint Michel Chardonnay IGP","Bio Gourmet","Frankreich","95%","0,75l","11.4897","1.6986","19"
"685449","Sangria 7% Vol.","Bio Gourmet","Diverse","95%","6x750ml","24.2903","3.591","19"
"685635","NARDI Moscato Veneto IGT Vino Frizzante","Bio Gourmet","Diverse","100% Biozutaten","6x750ml","50.1228","7.41","19"
"695917","Met-Honigwein 11%Vol.","Hoyer","Diverse","100% Biozutaten","6x0,75l","38.4789","5.6886","19"
"6388001","Red Juliet Aperitivo 13% Vol","Aperitivo Kollektiv IV","Deutschland","100% Biozutaten","6x0,75l","24.0975","3.5625","19"
"6388011","Hyggelig weißer Aperitivo 12% Vol","Aperitivo Kollektiv IV","Deutschland","100% Biozutaten","6x0,75l","24.0975","3.5625","19"
"6388021","Røsabel Aperitivo 10,5% Vol","Aperitivo Kollektiv IV","Deutschland","100% Biozutaten","6x0,75l","24.0975","3.5625","19"
