ArtikelNr,Bezeichnung,Hersteller,Land,Qualitaet,Gebinde,PreisInklMwst,EntMwst,MwstSatz
32144,BioZisch Bitter Lemon,Voelkel,Diverse,100% Biozutaten,"12x0,33l",12.137999999999998,1.9379999999999988,19
32135,BioZisch Bitter Lemon,Voelkel,Diverse,100% Biozutaten,"6x0,7l",11.138399999999999,1.7783999999999995,19
32274,BioZisch Blutorange,Voelkel,Diverse,100% Biozutaten,"12x0,33l",12.137999999999998,1.9379999999999988,19
32134,BioZisch Blutorange,Voelkel,Diverse,100% Biozutaten,"6x0,7l",11.138399999999999,1.7783999999999995,19
32141,BioZisch Ginger Life,Voelkel,Diverse,100% Biozutaten,"12x0,33l",12.137999999999998,1.9379999999999988,19
32128,BioZisch Guarana-Cola,Voelkel,Diverse,100% Biozutaten,"12x0,33l",12.137999999999998,1.9379999999999988,19
32408,BioZisch Guarana-Cola,Voelkel,Diverse,100% Biozutaten,"6x0,7l",11.138399999999999,1.7783999999999995,19
32146,BioZisch Himbeer-Cassis,Voelkel,Diverse,100% Biozutaten,"12x0,33l",12.137999999999998,1.9379999999999988,19
32143,BioZisch Himbeer-Cassis,Voelkel,Diverse,100% Biozutaten,"6x0,7l",11.138399999999999,1.7783999999999995,19
532150,BioZisch Holunderblüte,Voelkel,Diverse,100% Biozutaten,"12x0,33l",12.137999999999998,1.9379999999999988,19
532675,BioZisch Light Mate Cola,Voelkel,Diverse,100% Biozutaten,"10x0,33l",11.781,1.8810000000000002,19
532713,BioZisch Matcha Grapefruit,Voelkel,Diverse,100% Biozutaten,"10x0,5l",15.350999999999999,2.4509999999999987,19
532712,BioZisch Matcha Mango,Voelkel,Diverse,100% Biozutaten,"10x0,5l",15.350999999999999,2.4509999999999987,19
532450,BioZisch Matcha,Voelkel,Diverse,100% Biozutaten,"12x0,33l",12.137999999999998,1.9379999999999988,19
532401,BioZisch Mate,Voelkel,Diverse,100% Biozutaten,"10x0,5l",13.565999999999999,2.1659999999999986,19
532138,BioZisch Mate,Voelkel,Diverse,100% Biozutaten,"12x0,33l",12.137999999999998,1.9379999999999988,19
32152,BioZisch Orange,Voelkel,Diverse,100% Biozutaten,"12x0,33l",12.137999999999998,1.9379999999999988,19
32136,BioZisch Orange,Voelkel,Diverse,100% Biozutaten,"6x0,7l",11.138399999999999,1.7783999999999995,19
32405,BioZisch Rhabarber,Voelkel,Diverse,100% Biozutaten,"12x0,33l",12.137999999999998,1.9379999999999988,19
32404,BioZisch Rhabarber,Voelkel,Diverse,100% Biozutaten,"6x0,7l",11.138399999999999,1.7783999999999995,19
532402,BioZisch Rosenblüte,Voelkel,Diverse,100% Biozutaten,"12x0,33l",12.137999999999998,1.9379999999999988,19
32409,BioZisch Rosenblüte,Voelkel,Diverse,100% Biozutaten,"6x0,7l",11.138399999999999,1.7783999999999995,19
532453,BioZisch Zitrone naturtrüb,Voelkel,Diverse,100% Biozutaten,"12x0,33l",12.137999999999998,1.9379999999999988,19
32139,BioZisch Zitrone,Voelkel,Diverse,100% Biozutaten,"6x0,7l",11.138399999999999,1.7783999999999995,19
533360,ChariTea Black,Chari Tea,Diverse,100% Biozutaten,"20x0,33l",30.939999999999998,4.939999999999998,19
533361,ChariTea Green,Chari Tea,Diverse,100% Biozutaten,"20x0,33l",30.939999999999998,4.939999999999998,19
533364,ChariTea Mate Ginger sugar free,Chari Tea,Diverse,100% Biozutaten,"20x0,33l",30.939999999999998,4.939999999999998,19
533362,ChariTea Mate,Chari Tea,Diverse,100% Biozutaten,"20x0,33l",30.939999999999998,4.939999999999998,19
533363,ChariTea Red,Chari Tea,Diverse,100% Biozutaten,"20x0,33l",30.939999999999998,4.939999999999998,19
31460,isis Alpentee,Beutelsbacher,Diverse,100% Biozutaten,"12x0,33l",9.282,1.4820000000000002,19
531467,isis Alpentee,Beutelsbacher,Diverse,100% Biozutaten,"6x0,7l",7.497,1.197,19
531453,isis bio Wildkräuter,Beutelsbacher,Diverse,100% Biozutaten,"12x0,33l",9.282,1.4820000000000002,19
31458,isis Bitter-Lemon,Beutelsbacher,Diverse,100% Biozutaten,"12x0,33l",9.282,1.4820000000000002,19
531463,isis Cola-Orange,Beutelsbacher,Diverse,100% Biozutaten,"12x0,33l",9.282,1.4820000000000002,19
31462,isis Cola,Beutelsbacher,Diverse,100% Biozutaten,"12x0,33l",9.282,1.4820000000000002,19
531465,isis Ginger Ale,Beutelsbacher,Diverse,100% Biozutaten,"12x0,33l",14.1372,2.257199999999999,19
31456,isis Granatapfel,Beutelsbacher,Diverse,100% Biozutaten,"12x0,33l",9.282,1.4820000000000002,19
31461,isis Grüner Eistee,Beutelsbacher,Diverse,100% Biozutaten,"12x0,33l",9.282,1.4820000000000002,19
531466,isis Grüner Eistee,Beutelsbacher,Diverse,100% Biozutaten,"6x0,7l",7.497,1.197,19
531454,isis Holunder Himbeere,Beutelsbacher,Diverse,100% Biozutaten,"12x0,33l",9.282,1.4820000000000002,19
31457,isis Holunderblüte,Beutelsbacher,Diverse,100% Biozutaten,"12x0,33l",9.282,1.4820000000000002,19
31459,isis Orange-Acerola,Beutelsbacher,Diverse,100% Biozutaten,"12x0,33l",9.282,1.4820000000000002,19
531468,isis Tonic,Beutelsbacher,Diverse,100% Biozutaten,"12x0,33l",9.282,1.4820000000000002,19
531464,isis Zitrone,Beutelsbacher,Diverse,100% Biozutaten,"12x0,33l",9.282,1.4820000000000002,19
533350,Lemonaid Blutorange,Lemonaid,Diverse,100% Biozutaten,"20x0,33l",30.939999999999998,4.939999999999998,19
533351,Lemonaid Ingwer,Lemonaid,Diverse,100% Biozutaten,"20x0,33l",30.939999999999998,4.939999999999998,19
533352,Lemonaid Limette,Lemonaid,Diverse,100% Biozutaten,"20x0,33l",30.939999999999998,4.939999999999998,19
533353,Lemonaid Maracuja,Lemonaid,Diverse,100% Biozutaten,"20x0,33l",30.939999999999998,4.939999999999998,19
531472,MISCHKISTE Beutelsbacher isis mit Huober Brezeln,Beutelsbacher,Diverse,100% Biozutaten,Kiste,9.282,1.4820000000000002,19
630142,NOW Bio Sprizzz Apfelschorle,Now,Diverse,100% Biozutaten,"10x0,5l",12.376,1.975999999999999,19
630141,NOW Bio Sprizzz Cassis Lime NATURLAND,Now,Diverse,Naturland,"10x0,5l",12.376,1.975999999999999,19
630143,NOW Bio Sprizzz Rhabarber,Now,Deutschland,100% Biozutaten,"10x0,5l",12.376,1.975999999999999,19
530692,NOW Black Cola light NATURLAND FAIR,Now,Diverse,NF,"10x0,33l",9.52,1.5199999999999996,19
30610,NOW Black Cola mit Guarana glutenfrei NATURLAND,Now,Diverse,Naturland,"10x0,33l",9.52,1.5199999999999996,19
630130,NOW Black Cola mit Guarana glutenfrei NATURLAND,Now,Diverse,Naturland,"10x0,5l",12.376,1.975999999999999,19
30613,NOW Fresh Lemon glutenfrei NATURLAND,Now,Diverse,Naturland,"10x0,33l",9.52,1.5199999999999996,19
630131,NOW Fresh Lemon glutenfrei NATURLAND,Now,Diverse,Naturland,"10x0,5l",12.376,1.975999999999999,19
530617,NOW Grapefruit glutenfrei,Now,Diverse,100% Biozutaten,"10x0,33l",9.52,1.5199999999999996,19
530627,NOW Hollerblüte glutenfrei NATURLAND,Now,Diverse,Naturland,"10x0,33l",9.52,1.5199999999999996,19
630134,NOW Hollerblüte glutenfrei NATURLAND,Now,Diverse,Naturland,"10x0,5l",12.376,1.975999999999999,19
630139,NOW Mate Granate,Now,Diverse,100% Biozutaten,"10x0,5l",12.376,1.975999999999999,19
630133,NOW Orange Cola glutenfrei NATURLAND,Now,Diverse,Naturland,"10x0,5l",12.376,1.975999999999999,19
30616,NOW Orange-Cola glutenfrei NATURLAND,Now,Diverse,Naturland,"10x0,33l",9.52,1.5199999999999996,19
530689,NOW Passion Crush,Now,Diverse,100% Biozutaten,"10x0,33l",9.52,1.5199999999999996,19
630135,NOW Pure Zitrone glutenfrei NATURLAND,Now,Diverse,Naturland,"10x0,5l",12.376,1.975999999999999,19
30615,NOW Red Berry glutenfrei,Now,Diverse,100% Biozutaten,"10x0,33l",9.52,1.5199999999999996,19
30614,NOW Sunny Orange glutenfrei NATURLAND,Now,Diverse,Naturland,"10x0,33l",9.52,1.5199999999999996,19
630132,NOW Sunny Orange glutenfrei NATURLAND,Now,Diverse,Naturland,"10x0,5l",12.376,1.975999999999999,19
533283,Organic Ginger Beer,Aqua Monaco,Diverse,99%,"20x0,23l",35.699999999999996,5.699999999999996,19
533281,Organic Herbal Tonic,Aqua Monaco,Diverse,100% Biozutaten,"20x0,23l",35.699999999999996,5.699999999999996,19
533282,Organic Tonic Water,Aqua Monaco,Diverse,99%,"20x0,23l",35.699999999999996,5.699999999999996,19
531994,Proviant Orangenlimo,Proviant,Diverse,100% Biozutaten,"24x0,33l",27.131999999999998,4.331999999999997,19
533302,Adelholzener Apfel-Orange mit Maracuja - PET,Adelholzener,Diverse,96%,"12x0,5l",9.4248,1.5047999999999995,19
533300,Adelholzener Apfel-Schorle NATURLAND - PET,Adelholzener,Deutschland,Naturland,"12x0,5l",9.4248,1.5047999999999995,19
533304,Adelholzener Johannisbeere - PET,Adelholzener,Diverse,99%,"12x0,5l",9.4248,1.5047999999999995,19
533303,Adelholzener Kirsche - PET,Adelholzener,Diverse,99%,"12x0,5l",9.4248,1.5047999999999995,19
533305,Adelholzener Lemon - PET,Adelholzener,Diverse,99%,"12x0,5l",9.4248,1.5047999999999995,19
32243,Apfel Schorle naturtrüb DEMETER,Voelkel,Europäische Union,Demeter (Deutschland),"10x0,5l",11.781,1.8810000000000002,19
532059,Apfel-Grapefruit Schorle,Voelkel,Europäische Union,100% Biozutaten,"10x0,5l",13.803999999999998,2.203999999999999,19
32242,Apfel-Waldbeeren Schorle DEMETER,Voelkel,Europäische Union,Demeter (Deutschland),"10x0,5l",13.803999999999998,2.203999999999999,19
698440,Barista Chai Classic - TetraPak,Yogi Tea,Diverse,99%,6x1l,22.3416,1.4616000000000007,7
531040,Bio Secco Quitte Rose alkoholfrei,Beutelsbacher,Diverse,100% Biozutaten,"12x0,33l",14.994,2.394,19
532670,BioZisch Light Himbeer Cassis,Voelkel,Diverse,100% Biozutaten,"10x0,33l",11.781,1.8810000000000002,19
532674,BioZisch Light Orange Maracuja,Voelkel,Diverse,100% Biozutaten,"10x0,33l",11.781,1.8810000000000002,19
532671,BioZisch Light Zitrone,Voelkel,Diverse,100% Biozutaten,"10x0,33l",11.781,1.8810000000000002,19
532673,BioZisch Zero Mate,Voelkel,Diverse,100% Biozutaten,"10x0,33l",11.781,1.8810000000000002,19
532654,Caipirinha - alkoholfreier Cocktail,Voelkel,Diverse,100% Biozutaten,"12x0,2l",23.4192,3.7392000000000003,19
699776,Coco Sports Performance,Dr.  Antonio Martins,Sri Lanka-Ceylon,100% Biozutaten,12x500ml,24.99,3.9899999999999984,19
699775,Coco Sports Rehydration,Dr.  Antonio Martins,Sri Lanka-Ceylon,100% Biozutaten,12x500ml,24.99,3.9899999999999984,19
532469,Eistee Himbeer-Hibiskus DEMETER,Voelkel,Diverse,Demeter (Deutschland),"12x0,33l",12.852,2.0519999999999996,19
532466,Eistee mit Himbeere & Hibiskus DEMETER,Voelkel,Diverse,Demeter (Deutschland),"10x0,5l",14.756,2.356,19
532465,Eistee mit Matcha DEMETER,Voelkel,Diverse,Demeter (Deutschland),"10x0,5l",14.756,2.356,19
532467,Eistee mit Mate & Zitrone DEMETER,Voelkel,Diverse,Demeter (Deutschland),"10x0,5l",14.756,2.356,19
532464,Eistee Pfirsich Zitrone DEMETER,Voelkel,Diverse,Demeter (Deutschland),"10x0,5l",14.756,2.356,19
532468,Eistee Pfirsich-Zitrone DEMETER,Voelkel,Diverse,Demeter (Deutschland),"12x0,33l",12.852,2.0519999999999996,19
701860,Eistee Pfirsich,Bio Company,Diverse,99%,12x500ml,9.8532,1.5732,19
701861,Eistee Zitrone,Bio Company,Diverse,99%,12x500ml,9.8532,1.5732,19
533555,LandparTEA Pfirsich,Landpark,Deutschland,100% Biozutaten,"12x0,5l",10.1388,1.6188000000000002,19
533556,LandparTEA Zitrone,Landpark,Deutschland,100% Biozutaten,"12x0,5l",10.1388,1.6188000000000002,19
532658,London Mule Spritz - alkoholfreier Cocktail,Voelkel,Diverse,100% Biozutaten,"12x0,2l",23.2764,3.7164,19
532657,Orange Bitter Spritz-alkoholfreier Cocktai,Voelkel,Diverse,100% Biozutaten,"12x0,2l",23.4192,3.7392000000000003,19
30705,Orangensaft,Green organics,Europäische Union,EG-Bio,"6x0,7l",16.3506,2.6106,19
701862,Orangensaft,Bio Company,Diverse,EG-Bio,8x750ml,19.04,3.039999999999999,19
532656,Pina Colada - alkoholfreier Cocktail,Voelkel,Diverse,100% Biozutaten,"12x0,2l",23.4192,3.7392000000000003,19
532234,Rhabarber Schorle DEMETER,Voelkel,Diverse,Demeter (Deutschland),"10x0,5l",13.803999999999998,2.203999999999999,19
530054,SeeZüngle Aronia BIOLAND,Seezüngle - Brauerei Härle,Deutschland,Bioland,"11x0,33l",9.817499999999999,1.567499999999999,19
30056,SeeZüngle Birne BIOLAND,Seezüngle - Brauerei Härle,Deutschland,Bioland,"11x0,33l",9.817499999999999,1.567499999999999,19
30055,SeeZüngle Kirsche BIOLAND,Seezüngle - Brauerei Härle,Deutschland,Bioland,"11x0,33l",9.817499999999999,1.567499999999999,19
530058,SeeZüngle Rhabarber BIOLAND,Seezüngle - Brauerei Härle,Deutschland,Bioland,"11x0,33l",9.817499999999999,1.567499999999999,19
30057,SeeZüngle Träuble -Johannisbeere schwarz BIOLAND,Seezüngle - Brauerei Härle,Deutschland,Bioland,"11x0,33l",9.817499999999999,1.567499999999999,19
696082,Wassereisbeutel Fredos coole Lollies bunt,Sanchon,Deutschland,95%,14x10x30ml,33.1534,5.293399999999998,19
696083,Wassereisbeutel Fredos coole Lollies fruchtig,Sanchon,Deutschland,95%,14x10x30ml,34.986,5.5859999999999985,19
680222,Kokosmilch 100%,Dr. Goerg,Philippinen,EG-Bio,16x200ML,20.544,1.3440000000000012,7
530761,Kokoswasser Ananas in der Einweg-Glasflasche,Morgenland,Sri Lanka-Ceylon,100% Biozutaten,6x350ml,12.7092,2.0291999999999994,19
701850,Kokoswasser aus Kokoswasserkonzentrat,Bio Company,Philippinen,EG-Bio,15x330ml,18.921,3.020999999999999,19
699279,Kokoswasser aus Konzentrat,Aqua Verde,Philippinen,EG-Bio,15x330ml,18.7425,2.9924999999999997,19
699278,Kokoswasser aus Konzentrat,Aqua Verde,Philippinen,EG-Bio,6x1l,16.064999999999998,2.5649999999999977,19
530760,Kokoswasser in der Einweg-Glasflasche,Morgenland,Sri Lanka-Ceylon,EG-Bio,6x350ml,12.7092,2.0291999999999994,19
699124,Kokoswasser pur FairTrade,Dr.  Antonio Martins,Sri Lanka-Ceylon,EG-Bio,15x330ml,23.383499999999998,3.7334999999999994,19
686606,Kokoswasser pur FairTrade,Dr.  Antonio Martins,Sri Lanka-Ceylon,EG-Bio,"6x1,0l",21.4914,3.4314,19
699117,Kokoswasser Pur,Dr.  Antonio Martins,Sri Lanka-Ceylon,EG-Bio,12x500ml,31.415999999999997,5.015999999999998,19
699116,Kokoswasser Pur,Dr.  Antonio Martins,Sri Lanka-Ceylon,EG-Bio,6x1l,27.845999999999997,4.445999999999998,19
530751,Kokoswasser PURE,Kulau,Philippinen,EG-Bio,"12x1,0l",48.4092,7.729199999999999,19
530750,Kokoswasser PURE,Kulau,Philippinen,EG-Bio,12x330ML,22.276799999999998,3.556799999999999,19
680221,Kokoswasser,Dr. Goerg,Philippinen,EG-Bio,15x330ml,24.99,3.9899999999999984,19
530747,Kokoswasser,Dr. Goerg,Philippinen,EG-Bio,6x1l,24.275999999999996,3.8759999999999977,19
531532,365 Daily Energydrink Mate,EOS,Diverse,100% Biozutaten,"12x0,33l",13.423199999999998,2.1431999999999984,19
531531,365 Daily Energydrink,EOS,Diverse,100% Biozutaten,"12x0,33l",13.423199999999998,2.1431999999999984,19
699777,Coco Energy Drink,Dr.  Antonio Martins,Sri Lanka-Ceylon,100% Biozutaten,15x330ml,27.845999999999997,4.445999999999998,19
685526,Energy Drink Limette Minze,Pure Bio,Österreich,99%,24x250ml,26.846399999999996,4.286399999999997,19
685527,Energy Drink Orange Pfirsich,Pure Bio,Österreich,97%,24x250ml,26.846399999999996,4.286399999999997,19
532709,Good Energy Club Goods,Voelkel,Diverse,99%,"10x0,33l",17.612,2.8119999999999976,19
30485,"Kombucha 0,5%Vol",Voelkel,Diverse,100% Biozutaten,"6x0,75l",18.0642,2.8842,19
531476,Kombucha Cassis,Beutelsbacher,Diverse,100% Biozutaten,"12x0,33l",20.705999999999996,3.3059999999999974,19
531477,Kombucha Classic,Beutelsbacher,Diverse,100% Biozutaten,"12x0,33l",20.705999999999996,3.3059999999999974,19
30481,"Kombucha Enzymgetränk 1,5%Vol.",Beutelsbacher,Diverse,100% Biozutaten,"6x0,75l",19.278,3.0779999999999994,19
532071,Kombucha Limette & Ingwer,Voelkel,Diverse,100% Biozutaten,"10x0,33l",14.517999999999999,2.3179999999999996,19
532068,Kombucha Limette & Ingwer,Voelkel,Diverse,100% Biozutaten,"6x0,75l",18.0642,2.8842,19
532069,Kombucha Maracuja & Zitrone,Voelkel,Diverse,100% Biozutaten,"10x0,33l",14.517999999999999,2.3179999999999996,19
532070,Kombucha Original,Voelkel,Diverse,100% Biozutaten,"10x0,33l",14.517999999999999,2.3179999999999996,19
532072,Kombucha Sauerkirsche & Minze,Voelkel,Diverse,100% Biozutaten,"10x0,33l",14.517999999999999,2.3179999999999996,19
531478,RAW Kombucha,Beutelsbacher,Diverse,100% Biozutaten,"12x0,33l",21.5628,3.4427999999999983,19
533574,WAYSA Black Kola 99mg Koffein,Waysa,Diverse,100% Biozutaten,"24x0,33l",25.1328,4.012799999999999,19
533570,WAYSA Green Original 99mg Koffein,Waysa,Diverse,100% Biozutaten,"24x0,33l",25.1328,4.012799999999999,19
533573,WAYSA Pink Peach 99mg Koffein,Waysa,Diverse,100% Biozutaten,"24x0,33l",25.1328,4.012799999999999,19
533571,WAYSA White Apple 42mg Koffein,Waysa,Diverse,100% Biozutaten,"24x0,33l",25.1328,4.012799999999999,19
574071,Agava Karamellsirup - Spenderflasche,Agava,Diverse,100% Biozutaten,6x350g,20.223,1.3230000000000004,7
699922,Apfelzauber Punsch Sirup,Sonnentor,Diverse,100% Biozutaten,6x500ml,39.99660000000001,2.6166000000000054,7
531931,Ben's Ginger Ingwerkonzentrat,Ben's Ginger,Diverse,100% Biozutaten,"6x0,5l",41.6658,2.7257999999999996,7
531930,Ben's Ginger Ingwerkonzentrat,Ben's Ginger,Diverse,100% Biozutaten,6x1l,70.299,4.599000000000004,7
699741,Bergamotte Sirup,Sonnentor,Diverse,100% Biozutaten,6x500ml,38.96940000000001,2.5494000000000057,7
32416,Cassissirup,Voelkel,Diverse,100% Biozutaten,"6x0,5l",23.6256,1.5456000000000003,7
635547,Chai Sirup,Sonnentor,Diverse,100% Biozutaten,6x250ml,33.705000000000005,2.2050000000000054,7
685455,Eistee Sirup Grüntee Holunder,Bio Gourmet,Europäische Union,100% Biozutaten,6x500ml,43.977000000000004,2.8770000000000024,7
685453,Eistee Sirup Schwarztee Pfirsich,Bio Gourmet,Europäische Union,100% Biozutaten,6x500ml,43.977000000000004,2.8770000000000024,7
685454,Eistee Sirup Schwarztee Zitrone,Bio Gourmet,Europäische Union,100% Biozutaten,6x500ml,43.977000000000004,2.8770000000000024,7
32414,Grenadinesirup,Voelkel,Diverse,100% Biozutaten,"6x0,5l",23.6256,1.5456000000000003,7
32415,Himbeersirup,Voelkel,Diverse,100% Biozutaten,"6x0,5l",26.129400000000004,1.7094000000000023,7
33050,Himbeersirup,Sonnentor,Diverse,100% Biozutaten,"6x0,5l",39.99660000000001,2.6166000000000054,7
699921,Holunder Trauben Punsch Sirup,Sonnentor,Diverse,100% Biozutaten,6x500ml,39.99660000000001,2.6166000000000054,7
32419,Holunderblütensirup,Voelkel,Diverse,100% Biozutaten,"6x0,5l",23.6256,1.5456000000000003,7
33056,Holunderblütensirup,Sonnentor,Diverse,100% Biozutaten,"6x0,5l",39.99660000000001,2.6166000000000054,7
532499,Ingwer Sirup DEMETER,Voelkel,Diverse,Demeter (Deutschland),"6x0,5l",26.129400000000004,1.7094000000000023,7
33054,Ingwer-Zitronensirup,Sonnentor,Diverse,100% Biozutaten,"6x0,5l",39.99660000000001,2.6166000000000054,7
699012,Kola Sirup,Sonnentor,Diverse,100% Biozutaten,6x500ml,39.99660000000001,2.6166000000000054,7
699198,Kräuterjodler Sirup,Sonnentor,Diverse,100% Biozutaten,6x500ml,39.99660000000001,2.6166000000000054,7
635548,Kurkuma Zitronen Sirup,Sonnentor,Diverse,100% Biozutaten,6x500ml,39.99660000000001,2.6166000000000054,7
32418,Limettensirup,Voelkel,Diverse,100% Biozutaten,"6x0,5l",23.6256,1.5456000000000003,7
699490,Matcha Sirup,Sonnentor,Diverse,100% Biozutaten,6x250ml,39.99660000000001,2.6166000000000054,7
699199,Mojito Sirup,Sonnentor,Diverse,100% Biozutaten,6x500ml,39.99660000000001,2.6166000000000054,7
638609,Mondino Senza Amaro Bavarese alkoholfrei,Brennerei Schnitzer,Diverse,100% Biozutaten,"0,675l",11.0075,1.7575000000000003,19
699742,Orange Bitter Sirup,Sonnentor,Diverse,100% Biozutaten,6x500ml,38.96940000000001,2.5494000000000057,7
685258,Pumpkin Spice Sirup,Sonnentor,Diverse,100% Biozutaten,6x250ml,33.705000000000005,2.2050000000000054,7
532379,Rhabarbersirup,Voelkel,Diverse,100% Biozutaten,"6x0,5l",23.6256,1.5456000000000003,7
635550,Schwarztee-Pfirsich Sirup,Sonnentor,Diverse,100% Biozutaten,"6x0,5l",39.99660000000001,2.6166000000000054,7
685259,Tschin Tschin Sirup,Sonnentor,Diverse,100% Biozutaten,6x500ml,39.99660000000001,2.6166000000000054,7
32239,Vollfrucht Sanddorn - Fruchtzubereitung,Voelkel,Diverse,100% Biozutaten,"6x0,5l",32.3568,2.1168000000000013,7
699200,Wilde Lilli Sirup,Sonnentor,Diverse,100% Biozutaten,6x500ml,39.99660000000001,2.6166000000000054,7
533420,Acerolasaft naturtrüb,Schoenenberger,Diverse,EG-Bio,200ml,7.3661,1.1761,19
533190,Alles Gute Fruchtsaftmischung,Rabenhorst,Diverse,100% Biozutaten,"6x0,75l",32.0586,5.118599999999997,19
532750,Ananassaft,Voelkel,Diverse,EG-Bio,"8x0,5l",27.417599999999997,4.3775999999999975,19
533178,Antioxidantien,Rabenhorst,Diverse,100% Biozutaten,"6x0,75l",22.0626,3.5226000000000006,19
31203,Apfel-Birnensaft naturtrüb,Bodensee-Kelterei Widemann,Regional,100% Biozutaten,"6x1,0l",11.781,1.8810000000000002,19
533526,Apfel-Kirschsaft mit stillem Wasser Tetra Pak,Höllinger Säfte,Diverse,100% Biozutaten,"24x0,2l",17.9928,2.8728,19
532748,Apfelsaft heimisch naturtrüb m. Streuobst BIOLAND,Voelkel,Deutschland,Bioland,"6x0,7l",12.5664,2.0063999999999993,19
532747,Apfelsaft heimisch naturtrüb m. Streuobst BIOLAND,Voelkel,Deutschland,Bioland,"6x1,0l",14.7084,2.3484,19
532749,Apfelsaft heimisch naturtrüb m. Streuobst BIOLAND,Voelkel,Deutschland,Bioland,"8x0,5l",13.708799999999998,2.1887999999999987,19
533525,Apfelsaft mit stillem Wasser Tetra Pak,Höllinger Säfte,Europäische Union,100% Biozutaten,"24x0,2l",17.9928,2.8728,19
31054,Apfelsaft naturtrüb aus Bio-Streuobst,Beutelsbacher,Baden-Württemberg,EG-Bio,"6x1,0l",11.7096,1.8696000000000002,19
532315,Apfelsaft naturtrüb aus dt. Anbau DEMETER - Elopak,Voelkel,Deutschland,Demeter (Deutschland),"6x1,0l",14.994,2.394,19
531103,Apfelsaft naturtrüb aus zertifiziertem Streuobst,Beutelsbacher,Baden-Württemberg,WILD,"6x1,0l",9.2106,1.4705999999999992,19
31100,Apfelsaft naturtrüb DEMETER,Beutelsbacher,Baden-Württemberg,Demeter (Deutschland),"6x1,0l",12.137999999999998,1.9379999999999988,19
31202,Apfelsaft naturtrüb,Bodensee-Kelterei Widemann,Regional,EG-Bio,"6x1,0l",11.781,1.8810000000000002,19
630180,"Apfelsaft vom Bodensee, naturtrüb DEMETER",Obsthof Brugger,Regional,Demeter (Deutschland),"6x1,0l",12.0666,1.9265999999999988,19
533240,Aronia-Früchtepunsch,Aronia Original,Diverse,100% Biozutaten,"6x0,7l",21.063,3.3629999999999995,19
533224,Aroniabeeren-Direktsaft - BagInBox,Aronia Original,Polen,EG-Bio,3l,19.0281,3.0380999999999982,19
533226,Aroniabeeren-Direktsaft,Aronia Original,Polen,EG-Bio,"6x0,7l",32.4156,5.175599999999999,19
533227,Aroniabeeren-Granatapfel-Saft,Aronia Original,Diverse,100% Biozutaten,"6x0,7l",37.770599999999995,6.030599999999996,19
533228,Aroniabeerensaft Direktsaft DEMETER - BagInBox,Aronia Original,Polen,Demeter (Deutschland),3l,19.456500000000002,3.1065000000000005,19
533219,Aroniabeerensaft Direktsaft DEMETER,Aronia Original,Polen,Demeter (Deutschland),"12x0,33l",41.697599999999994,6.657599999999995,19
635656,Bodensee Apfelsaft - BagInBox,Bodensee Biobauern,Regional,Demeter (Deutschland),5l,10.6505,1.7005,19
635655,Bodensee Apfelsaft,Bodensee Biobauern,Baden-Württemberg,Demeter (Deutschland),"6x1,0l",12.852,2.0519999999999996,19
532586,Familien Punsch,Voelkel,Diverse,100% Biozutaten,"6x0,75l",18.207,2.907,19
532952,Für das Immunsystem,Rabenhorst,Diverse,100% Biozutaten,"6x0,75l",22.5624,3.6023999999999994,19
532752,Grapefruitsaft,Voelkel,Diverse,EG-Bio,"8x0,5l",20.848799999999997,3.3287999999999975,19
532956,Heißer Horst,Rabenhorst,Diverse,100% Biozutaten,"6x0,75l",20.491799999999998,3.271799999999999,19
33087,Heißer Rabe,Rabenhorst,Diverse,100% Biozutaten,"6x0,75l",20.491799999999998,3.271799999999999,19
532343,Hygge Punsch Apfel Blaubeere,Voelkel,Diverse,100% Biozutaten,"6x0,75l",19.634999999999998,3.134999999999998,19
532400,Hygge Punsch Apfel Mandarine DEMETER,Voelkel,Diverse,Demeter (Deutschland),"6x0,75l",19.634999999999998,3.134999999999998,19
532707,Hygge Punsch Zimtsnegle DEMETER,Voelkel,Diverse,Demeter (Deutschland),"6x0,75l",19.634999999999998,3.134999999999998,19
32129,Limettensaft,Voelkel,Diverse,EG-Bio,"12x0,2l",20.2776,3.2376000000000005,19
532754,Mango Nektar,Voelkel,Diverse,100% Biozutaten,"8x0,5l",22.086399999999998,3.526399999999999,19
533234,Mehrfruchtsaft Kraftvolle 7,Aronia Original,Diverse,100% Biozutaten,"6x0,7l",33.486599999999996,5.346599999999995,19
533527,Multi Sunrise mit stillem Wasser Tetra Pak,Höllinger Säfte,Diverse,100% Biozutaten,"24x0,2l",17.9928,2.8728,19
33079,Multifrucht,Rabenhorst,Diverse,100% Biozutaten,"6x0,75l",20.491799999999998,3.271799999999999,19
532757,Orange Möhresaft DEMETER,Voelkel,Diverse,Demeter (Deutschland),"8x0,5l",18.9448,3.024800000000001,19
531435,Orangensaft aus Europa,Beutelsbacher,Europäische Union,EG-Bio,"6x0,7l",16.779,2.6790000000000003,19
32015,Orangensaft BioC - FairTrade,Voelkel,Mexico,EG-Bio,"6x1,0l",21.3486,3.4086,19
32017,Orangensaft DEMETER,Voelkel,Diverse,Demeter (Deutschland),"6x0,7l",18.207,2.907,19
532756,Orangensaft DEMETER,Voelkel,Diverse,Demeter (Deutschland),"8x0,5l",22.086399999999998,3.526399999999999,19
30073,Orangensaft mild,Lindauer Fruchtsäfte,Diverse,EG-Bio,"6x1,0l",25.347,4.047000000000001,19
533522,Orangensaft Tetra Pak,Höllinger Säfte,Mexico,EG-Bio,"12x1,0l",44.98199999999999,7.181999999999995,19
532763,Pfirsich Nektar,Voelkel,Diverse,100% Biozutaten,"8x0,5l",22.086399999999998,3.526399999999999,19
532759,Pink Grapefruitsaft,Voelkel,Diverse,EG-Bio,"8x0,5l",20.848799999999997,3.3287999999999975,19
531384,Quittensaft,Beutelsbacher,Europäische Union,EG-Bio,"6x0,7l",16.779,2.6790000000000003,19
532954,Regeneration,Rabenhorst,Diverse,100% Biozutaten,"6x0,75l",21.848399999999998,3.4883999999999986,19
532975,Rotbäckchen Immunstark BIO - Mini,Rotbäckchen,Diverse,100% Biozutaten,24x125ml,26.275199999999998,4.1952,19
532974,Rotbäckchen Immunstark BIO,Rotbäckchen,Diverse,100% Biozutaten,"6x0,75l",22.5624,3.6023999999999994,19
532965,Rotbäckchen Kleine Pause - Tetra-EdgePak,Rotbäckchen,Diverse,100% Biozutaten,15x200ml,16.422,2.622,19
532668,Rotbäckchen Pausenstark - Mini,Rotbäckchen,Diverse,100% Biozutaten,24x125ml,26.275199999999998,4.1952,19
532768,Rote Bete-Ingwer Saft DEMETER,Voelkel,Diverse,Demeter (Deutschland),"8x0,5l",18.9448,3.024800000000001,19
32127,Traubensaft rot DEMETER,Voelkel,Italien,Demeter (Deutschland),"6x0,7l",17.0646,2.724599999999999,19
32168,Traubensaft rot Merlot DEMETER,Voelkel,Italien,Demeter (Deutschland),"6x0,7l",14.994,2.394,19
32125,Traubensaft weiß Chardonnay DEMETER,Voelkel,Italien,Demeter (Deutschland),"6x0,7l",14.994,2.394,19
532947,Von Herzen Fruchtsaftmischung,Rabenhorst,Diverse,100% Biozutaten,"6x0,75l",32.0586,5.118599999999997,19
532589,Winter Apfel Punsch,Voelkel,Diverse,100% Biozutaten,"6x0,75l",18.207,2.907,19
699698,Yuzusaft,Terrasana,Diverse,EG-Bio,6x100ml,46.80180000000001,3.061800000000005,7
32130,Zitronensaft DEMETER,Voelkel,Italien,Demeter (Deutschland),"12x0,2l",16.8504,2.6904000000000003,19
32110,Zitronensaft DEMETER,Voelkel,Diverse,Demeter (Deutschland),"6x0,7l",22.705199999999998,3.6251999999999995,19
532751,Banane Nektar,Voelkel,Diverse,100% Biozutaten,"8x0,5l",22.086399999999998,3.526399999999999,19
532326,Care Pflaume,Voelkel,Diverse,100% Biozutaten,"6x0,75l",27.845999999999997,4.445999999999998,19
33074,Johannisbeernektar schwarz,Rabenhorst,Diverse,100% Biozutaten,"6x0,75l",21.848399999999998,3.4883999999999986,19
532755,Maracuja Nektar,Voelkel,Diverse,99%,"8x0,5l",20.848799999999997,3.3287999999999975,19
532761,Sauerkirsche Nektar,Voelkel,Diverse,100% Biozutaten,"8x0,5l",20.848799999999997,3.3287999999999975,19
532762,Schwarze Johannisbeere Nektar DEMETER,Voelkel,Diverse,Demeter (Deutschland),"8x0,5l",25.6088,4.088799999999999,19
532489,Zitrone Ingwersaft DEMETER,Voelkel,Diverse,Demeter (Deutschland),"12x0,2l",31.2732,4.993199999999998,19
532718,Care Bitter Kräuter,Voelkel,Diverse,100% Biozutaten,"10x0,33l",36.89,5.890000000000001,19
532719,Care Stangensellerie DEMETER,Voelkel,Diverse,Demeter (Deutschland),"10x0,33l",37.485,5.984999999999999,19
32223,Gemüsemost milchsauer DEMETER,Voelkel,Diverse,Demeter (Deutschland),"6x0,7l",13.209,2.109,19
33090,Gemüsesaft B-aktiv,Rabenhorst,Europäische Union,100% Biozutaten,"6x0,75l",18.3498,2.9297999999999984,19
532948,Gesunder Blutdruck,Rabenhorst,Diverse,100% Biozutaten,"6x0,75l",21.848399999999998,3.4883999999999986,19
532293,Ingwersaft DEMETER,Voelkel,Diverse,Demeter (Deutschland),"12x0,2l",47.980799999999995,7.660799999999995,19
531442,Ingwersaft,Beutelsbacher,Diverse,100% Biozutaten,"12x0,2l",38.556,6.155999999999999,19
530106,Kanne Brottrunk Original,Kanne Brottrunk,Diverse,100% Biozutaten,"6x0,75l",16.8504,2.6904000000000003,19
32221,Möhren-Most milchsauer DEMETER,Voelkel,Deutschland,Demeter (Deutschland),"6x0,7l",13.209,2.109,19
532698,Möhrensaft Feldfrisch DEMETER,Voelkel,Diverse,Demeter (Deutschland),"10x0,33l",13.803999999999998,2.203999999999999,19
32105,Möhrensaft feldfrisch DEMETER,Voelkel,Deutschland,Demeter (Deutschland),"6x0,7l",13.209,2.109,19
531482,Quattro Shot Ingwer-Mango,Beutelsbacher,Diverse,100% Biozutaten,"12x0,2l",24.99,3.9899999999999984,19
532760,Rhabarber Nektar,Voelkel,Diverse,100% Biozutaten,"8x0,5l",23.799999999999997,3.799999999999997,19
532699,Rote Bete Saft Feldfrisch DEMETER,Voelkel,Diverse,Demeter (Deutschland),"10x0,33l",13.803999999999998,2.203999999999999,19
32222,Rote Bete-Most milchsauer DEMETER,Voelkel,Diverse,Demeter (Deutschland),"6x0,7l",13.209,2.109,19
32122,Rote Bete-Saft feldfrisch samenecht DEMETER,Voelkel,Deutschland,Demeter (Deutschland),"6x0,7l",13.209,2.109,19
32196,Sauerkrautsaft milchsauer DEMETER - Elopak,Voelkel,Deutschland,Demeter (Deutschland),"8x0,5l",11.6144,1.8544,19
32224,Sauerkrautsaft milchsauer DEMETER,Voelkel,Deutschland,Demeter (Deutschland),"6x0,7l",14.637,2.3369999999999997,19
32124,Tomatensaft mit Ur-Steinsalz,Voelkel,Diverse,100% Biozutaten,"6x0,7l",14.637,2.3369999999999997,19
32151,7-Zwerge Kindersaft DEMETER,Voelkel,Diverse,Demeter (Deutschland),"12x0,2l",13.565999999999999,2.1659999999999986,19
32212,7-Zwerge Kindersaft DEMETER,Voelkel,Diverse,Demeter (Deutschland),"6x0,7l",17.0646,2.724599999999999,19
531495,ABC Vital Pur pro,Beutelsbacher,Deutschland,100% Biozutaten,"6x0,7l",20.563200000000002,3.283200000000001,19
31354,Ananas-Mangosaft,Beutelsbacher,Diverse,100% Biozutaten,"6x0,7l",17.5644,2.8043999999999993,19
31307,Ananassaft,Beutelsbacher,Diverse,EG-Bio,"12x0,2l",16.564799999999998,2.6447999999999983,19
31303,Ananassaft,Beutelsbacher,Diverse,EG-Bio,"6x0,7l",21.063,3.3629999999999995,19
532982,Antistress,Rabenhorst,Diverse,100% Biozutaten,"6x0,75l",22.0626,3.5226000000000006,19
531479,Apfel Wildfrucht Punsch DEMETER,Beutelsbacher,Diverse,Demeter (Deutschland),"6x0,7l",18.4926,2.9526000000000003,19
531105,Apfel- Granatapfelsaft,Beutelsbacher,Diverse,100% Biozutaten,"6x0,7l",15.779399999999999,2.519399999999999,19
531385,Apfel-Holundersaft,Beutelsbacher,Baden-Württemberg,100% Biozutaten,"6x0,7l",18.4926,2.9526000000000003,19
31362,Apfel-Ingwersaft DEMETER,Beutelsbacher,Diverse,Demeter (Deutschland),"6x0,7l",14.637,2.3369999999999997,19
531389,Apfel-Kirschsaft,Beutelsbacher,Diverse,100% Biozutaten,"6x0,7l",19.278,3.0779999999999994,19
31317,Apfel-Mangosaft DEMETER,Beutelsbacher,Diverse,Demeter (Deutschland),"12x0,2l",14.1372,2.257199999999999,19
31316,Apfel-Mangosaft DEMETER,Beutelsbacher,Diverse,Demeter (Deutschland),"6x0,7l",14.208599999999999,2.2685999999999993,19
32215,Apfel-Mangosaft DEMETER,Voelkel,Diverse,Demeter (Deutschland),"6x0,7l",17.0646,2.724599999999999,19
31336,Apfel-Möhrensaft DEMETER,Beutelsbacher,Deutschland,Demeter (Deutschland),"12x0,2l",12.5664,2.0063999999999993,19
31335,Apfel-Möhrensaft DEMETER,Beutelsbacher,Diverse,Demeter (Deutschland),"6x0,7l",13.780199999999999,2.200199999999999,19
531388,Apfel-Rote Bete-Ingwersaft DEMETER,Beutelsbacher,Diverse,Demeter (Deutschland),"6x0,7l",14.208599999999999,2.2685999999999993,19
31446,Apfel-Schorle naturtrüb DEMETER,Beutelsbacher,Diverse,Demeter (Deutschland),"12x0,33l",11.995199999999999,1.9151999999999987,19
531035,Apfeldicksaft,Beutelsbacher,Europäische Union,EG-Bio,"12x0,33l",47.838,7.637999999999998,19
31301,Apfelsaft DEMETER,Beutelsbacher,Baden-Württemberg,Demeter (Deutschland),"12x0,2l",11.5668,1.8468,19
531057,Apfelsaft Erntedank naturtrüb,Beutelsbacher,Baden-Württemberg,EG-Bio,"6x1,0l",10.067400000000001,1.6074000000000002,19
31053,Apfelsaft klar aus Bio-Streuobst,Beutelsbacher,Baden-Württemberg,EG-Bio,"6x1,0l",11.7096,1.8696000000000002,19
31051,Apfelsaft klar aus Streuobst ohne BIO-Zertifikat,Beutelsbacher,Baden-Württemberg,WILD,"6x1,0l",9.2106,1.4705999999999992,19
31050,Apfelsaft naturtrüb aus Streuobst ohne BIO-Zert.,Beutelsbacher,Baden-Württemberg,WILD,"6x1,0l",9.2106,1.4705999999999992,19
31347,Aprikose-Pfirsichsaft plus Acerola DEMETER,Beutelsbacher,Diverse,Demeter (Deutschland),"6x0,7l",15.779399999999999,2.519399999999999,19
531022,Aroniasaft naturtrüb DEMETER,Beutelsbacher,Diverse,Demeter (Deutschland),"12x0,2l",24.99,3.9899999999999984,19
532077,bioC Antioxidantien,Voelkel,Diverse,100% Biozutaten,"12x0,2l",17.136,2.735999999999999,19
532765,bioC Antioxidantien,Voelkel,Diverse,100% Biozutaten,"8x0,5l",22.086399999999998,3.526399999999999,19
532078,bioC Immunkraft,Voelkel,Diverse,99%,"12x0,2l",17.136,2.735999999999999,19
532766,bioC Immunkraft,Voelkel,Diverse,100% Biozutaten,"8x0,5l",22.086399999999998,3.526399999999999,19
531101,Birne-Apfelsaft,Beutelsbacher,Baden-Württemberg,100% Biozutaten,"6x1,0l",16.3506,2.6106,19
31448,Birnen-Schorle Birne rosé,Beutelsbacher,Diverse,100% Biozutaten,"12x0,33l",13.565999999999999,2.1659999999999986,19
531034,Birnendicksaft,Beutelsbacher,Europäische Union,EG-Bio,"12x0,33l",66.25919999999999,10.579199999999993,19
31052,Birnensaft klar aus Streuobst ohne BIO-Zertifikat,Beutelsbacher,Baden-Württemberg,WILD,"6x1,0l",12.495,1.9949999999999992,19
31312,Birnensaft klar,Beutelsbacher,Baden-Württemberg,EG-Bio,"6x0,7l",12.495,1.9949999999999992,19
532570,Care Darmwohl,Voelkel,Diverse,100% Biozutaten,"6x0,75l",29.9166,4.776599999999998,19
31447,Cassis-Schorle,Beutelsbacher,Diverse,100% Biozutaten,"12x0,33l",14.28,2.2799999999999994,19
531390,Clementinensaft,Beutelsbacher,Europäische Union,EG-Bio,"6x0,7l",16.779,2.6790000000000003,19
531038,Coconut Paradise Mocktail,Beutelsbacher,Diverse,100% Biozutaten,"12x0,2l",14.994,2.394,19
531016,Cranberrysaft naturtrüb,Beutelsbacher,Diverse,EG-Bio,"12x0,2l",36.9852,5.905200000000001,19
531378,Cranberrysaft,Beutelsbacher,Kanada,EG-Bio,"6x0,7l",41.5548,6.6347999999999985,19
632009,DISPLAY Shot + Socken,Voelkel,Diverse,Demeter (Deutschland),Display,156.7944,25.034400000000005,19
531261,Eos-Apfel-Mangosaft,EOS,Diverse,100% Biozutaten,"6x1,0l",17.136,2.735999999999999,19
31256,Eos-Apfelsaft klar,EOS,Baden-Württemberg,EG-Bio,"6x1,0l",11.067,1.7669999999999995,19
31300,Eos-Apfelsaft naturtrüb,EOS,Baden-Württemberg,EG-Bio,"6x1,0l",11.067,1.7669999999999995,19
31250,Eos-Birnensaft klar,EOS,Baden-Württemberg,EG-Bio,"6x0,7l",11.995199999999999,1.9151999999999987,19
31260,Eos-Möhrensaft,EOS,Deutschland,100% Biozutaten,"6x0,7l",10.1388,1.6188000000000002,19
31252,Eos-Multisaft,EOS,Diverse,100% Biozutaten,"6x0,7l",12.7806,2.0405999999999995,19
531262,Eos-Multisaft,EOS,Diverse,100% Biozutaten,"6x1,0l",17.136,2.735999999999999,19
31255,Eos-Orangensaft,EOS,Italien,EG-Bio,"6x0,7l",15.136800000000001,2.4168000000000003,19
531263,Eos-Orangensaft,EOS,Italien,EG-Bio,"6x1,0l",19.992,3.192,19
31257,Eos-Traubensaft rot,EOS,Italien,EG-Bio,"6x0,7l",12.7806,2.0405999999999995,19
531264,Eos-Traubensaft rot,EOS,Italien,EG-Bio,"6x1,0l",17.136,2.735999999999999,19
531294,Exotik pur,Beutelsbacher,Diverse,100% Biozutaten,"6x0,7l",20.063399999999998,3.2033999999999985,19
630121,Familienpunsch Heißer Hirsch orange Traube-Orange,Acht Grad Plus,Diverse,100% Biozutaten,"6x0,75l",19.4208,3.1007999999999996,19
630120,Familienpunsch Heißer Hirsch rot Apfel-Pflaume,Acht Grad Plus,Diverse,100% Biozutaten,"6x0,75l",19.4208,3.1007999999999996,19
532620,"Fasten-Kasten DEMETER - 6 Sorten a' 0,7L",Voelkel,Deutschland,Demeter (Deutschland),Kiste,17.1241,2.734099999999998,19
32131,Fitness-Cocktail teilweise milchsauer DEMETER,Voelkel,Europäische Union,Demeter (Deutschland),"6x0,7l",14.637,2.3369999999999997,19
531499,Fitness-Fasten-Box DEMETER,Beutelsbacher,Diverse,Demeter (Deutschland),Kiste,13.708799999999998,2.1887999999999987,19
31419,Fruchtcocktail Aprikose,Beutelsbacher,Italien,100% Biozutaten,"6x0,7l",17.9928,2.8728,19
531295,Fruchtcocktail Blutorange,Beutelsbacher,Diverse,100% Biozutaten,"6x0,7l",18.921,3.020999999999999,19
31399,Fruchtcocktail Cranberry,Beutelsbacher,Diverse,100% Biozutaten,"6x0,7l",21.063,3.3629999999999995,19
31404,Fruchtcocktail Johannisbeere schwarz,Beutelsbacher,Diverse,100% Biozutaten,"6x0,7l",20.9916,3.3515999999999977,19
31360,Fruchtcocktail Kokos-Ananas,Beutelsbacher,Diverse,100% Biozutaten,"6x0,7l",17.9928,2.8728,19
531381,Fruchtcocktail Kokos-Mango,Beutelsbacher,Diverse,100% Biozutaten,"6x0,7l",15.779399999999999,2.519399999999999,19
531308,Fruchtcocktail Mango DEMETER,Beutelsbacher,Diverse,Demeter (Deutschland),"6x0,7l",18.8496,3.009599999999999,19
31424,Fruchtcocktail Mango-Maracuja DEMETER,Beutelsbacher,Diverse,Demeter (Deutschland),"6x0,7l",16.779,2.6790000000000003,19
31407,Fruchtcocktail Maracuja,Beutelsbacher,Diverse,100% Biozutaten,"6x0,7l",20.9916,3.3515999999999977,19
31321,Fruchtcocktail Pfirsich,Beutelsbacher,Diverse,100% Biozutaten,"12x0,2l",14.994,2.394,19
31433,Fruchtcocktail Pflaume,Beutelsbacher,Diverse,100% Biozutaten,"6x0,7l",18.4926,2.9526000000000003,19
531431,Fruchtcocktail Pink Guave,Beutelsbacher,Diverse,100% Biozutaten,"6x0,7l",16.779,2.6790000000000003,19
531397,Fruchtcocktail Rhabarber,Beutelsbacher,Diverse,100% Biozutaten,"6x0,7l",20.9916,3.3515999999999977,19
531291,Fruchtcocktail Rote Johannisbeere-Himbeere DEMETER,Beutelsbacher,Diverse,Demeter (Deutschland),"6x0,7l",18.8496,3.009599999999999,19
31406,Fruchtcocktail Sauerkirsche DEMETER,Beutelsbacher,Diverse,Demeter (Deutschland),"6x0,7l",23.062199999999997,3.682199999999998,19
531396,Fruchtcocktail Schwarze Johannisbeere DEMETER,Beutelsbacher,Diverse,Demeter (Deutschland),"12x0,2l",15.8508,2.5307999999999993,19
531386,Früchte-Glühpunsch,Beutelsbacher,Diverse,100% Biozutaten,"6x0,7l",18.207,2.907,19
532946,Für die Abwehrkräfte,Rabenhorst,Diverse,100% Biozutaten,"6x0,75l",21.848399999999998,3.4883999999999986,19
531525,Gemüse-Direktsaft samenecht DEMETER,Beutelsbacher,Diverse,Demeter (Deutschland),"6x0,7l",13.780199999999999,2.200199999999999,19
32511,Gemüsekomposition teilweise milchsauer DEMETER,Voelkel,Europäische Union,Demeter (Deutschland),"6x0,7l",14.637,2.3369999999999997,19
532697,Gemüsesaft Feldfrisch DEMETER,Voelkel,Diverse,Demeter (Deutschland),"10x0,33l",13.803999999999998,2.203999999999999,19
32210,Gemüsesaft feldfrisch DEMETER,Voelkel,Diverse,Demeter (Deutschland),"6x0,7l",13.209,2.109,19
531507,Gemüsesaftcocktail samenecht milchsauer DEMETER,Beutelsbacher,Diverse,Demeter (Deutschland),"6x0,7l",14.208599999999999,2.2685999999999993,19
531018,Granatapfelsaft naturtrüb,Beutelsbacher,Diverse,EG-Bio,"12x0,2l",21.705599999999997,3.4655999999999985,19
531379,Granatapfelsaft,Beutelsbacher,Türkei,EG-Bio,"6x0,7l",29.630999999999997,4.730999999999998,19
531498,Grande Shot Ingwer Mango,Beutelsbacher,Diverse,100% Biozutaten,"6x0,7l",33.7008,5.380800000000001,19
531343,Grapefruitsaft pink,Beutelsbacher,Israel,EG-Bio,"6x0,7l",17.9928,2.8728,19
531296,Grapefruitsaft weiß,Beutelsbacher,Diverse,100% Biozutaten,"6x0,7l",17.9928,2.8728,19
531014,Heidelbeersaft naturtrüb,Beutelsbacher,Diverse,EG-Bio,"12x0,2l",33.558,5.3580000000000005,19
531481,Heidelbeersaft,Beutelsbacher,Europäische Union,EG-Bio,"6x0,7l",41.840399999999995,6.680399999999999,19
532753,Heimischer Multi Birne Mirabelle,Voelkel,Deutschland,100% Biozutaten,"8x0,5l",22.086399999999998,3.526399999999999,19
531438,Heimischer Multisaft DEMETER,Beutelsbacher,Deutschland,Demeter (Deutschland),"6x0,7l",15.779399999999999,2.519399999999999,19
31372,Heisser Apfel,Beutelsbacher,Diverse,100% Biozutaten,"6x0,7l",13.423199999999998,2.1431999999999984,19
532585,Holunder Punsch,Voelkel,Diverse,100% Biozutaten,"6x0,75l",18.207,2.907,19
31351,Holunderpunsch,Beutelsbacher,Diverse,100% Biozutaten,"6x0,7l",18.4926,2.9526000000000003,19
31349,Holundersaft naturtrüb - Wildsammlung,Beutelsbacher,Europäische Union,WILD,"6x0,7l",25.1328,4.012799999999999,19
531019,Holundersaft naturtrüb,Beutelsbacher,Diverse,EG-Bio,"12x0,2l",19.992,3.192,19
31369,Holundersaft naturtrüb,Beutelsbacher,Europäische Union,EG-Bio,"6x0,7l",29.345399999999998,4.685399999999998,19
532944,Innere Ruhe,Rabenhorst,Diverse,100% Biozutaten,"6x0,75l",21.848399999999998,3.4883999999999986,19
531015,Johannisbeersaft schwarz naturtrüb,Beutelsbacher,Diverse,EG-Bio,"12x0,2l",31.558799999999998,5.038799999999998,19
531293,Johannisbeersaft schwarz,Beutelsbacher,Europäische Union,EG-Bio,"6x0,7l",39.3414,6.281399999999998,19
532305,Karotte-Mango DEMETER - fair to go,Voelkel,Diverse,Demeter (Deutschland),"6x0,25l",10.852799999999998,1.7327999999999992,19
31350,Karotten-Sanddornsaft DEMETER,Beutelsbacher,Deutschland,Demeter (Deutschland),"6x0,7l",15.779399999999999,2.519399999999999,19
31509,Karottensaft Rodelika samenecht DEMETER,Beutelsbacher,Baden-Württemberg,Demeter (Deutschland),"12x0,2l",12.5664,2.0063999999999993,19
31506,Karottensaft Rodelika samenecht DEMETER,Beutelsbacher,Baden-Württemberg,Demeter (Deutschland),"6x0,7l",13.423199999999998,2.1431999999999984,19
31508,Karottensaft Rodelika samenecht milchsauer DEMETER,Beutelsbacher,Baden-Württemberg,Demeter (Deutschland),"6x0,7l",13.423199999999998,2.1431999999999984,19
31346,Kindersaft DEMETER,Beutelsbacher,Diverse,Demeter (Deutschland),"12x0,2l",14.1372,2.257199999999999,19
31345,Kindersaft DEMETER,Beutelsbacher,Diverse,Demeter (Deutschland),"6x0,7l",16.779,2.6790000000000003,19
531340,Limettensaft,Beutelsbacher,Brasilien,EG-Bio,"12x0,2l",19.992,3.192,19
531480,Limettensaft,Beutelsbacher,Brasilien,EG-Bio,"6x0,7l",28.916999999999998,4.616999999999997,19
531039,Mango Passionsfruit Mocktail DEMETER,Beutelsbacher,Diverse,Demeter (Deutschland),"12x0,2l",14.994,2.394,19
532720,Mango-Multi DEMETER - Elopak,Voelkel,Diverse,Demeter (Deutschland),"8x0,75l",20.658399999999997,3.2983999999999973,19
32228,Möhren-Sanddornsaft DEMETER,Voelkel,Deutschland,Demeter (Deutschland),"6x0,7l",15.993599999999999,2.5535999999999994,19
531486,Multi + Eisen pro Immunsystem+Blutbildung,Beutelsbacher,Diverse,100% Biozutaten,"12x0,2l",19.992,3.192,19
531489,Multi + Eisen pro Immunsystem+Blutbildung,Beutelsbacher,Deutschland,Demeter (Deutschland),"6x0,7l",20.563200000000002,3.283200000000001,19
531487,Multi AC pro Immunsystem,Beutelsbacher,Diverse,100% Biozutaten,"12x0,2l",16.564799999999998,2.6447999999999983,19
32216,Multi natur DEMETER,Voelkel,Diverse,Demeter (Deutschland),"6x0,7l",17.0646,2.724599999999999,19
31338,Multi pur DEMETER,Beutelsbacher,Diverse,Demeter (Deutschland),"12x0,2l",14.1372,2.257199999999999,19
31334,Multi pur DEMETER,Beutelsbacher,Diverse,Demeter (Deutschland),"6x0,7l",16.779,2.6790000000000003,19
531104,Multi Saft,Beutelsbacher,Diverse,100% Biozutaten,"6x1,0l",18.8496,3.009599999999999,19
531436,Multi-Direktsaft zum Frühstück,Beutelsbacher,Europäische Union,100% Biozutaten,"6x0,7l",16.779,2.6790000000000003,19
531069,Orange Fruchtsaftcocktail 52%,Beutelsbacher,Diverse,100% Biozutaten,"6x1,0l",16.779,2.6790000000000003,19
531387,Orange-Karotte-Ingwersaft DEMETER,Beutelsbacher,Diverse,Demeter (Deutschland),"6x0,7l",17.9928,2.8728,19
532301,Orange-Mango-Maracuja DEMETER -fair to go,Voelkel,Diverse,Demeter (Deutschland),"6x0,25l",10.852799999999998,1.7327999999999992,19
531440,Orangensaft aus Europa,Beutelsbacher,Europäische Union,EG-Bio,"12x0,2l",14.1372,2.257199999999999,19
531068,Orangensaft Bio,Beutelsbacher,Europäische Union,EG-Bio,"6x0,7l",16.779,2.6790000000000003,19
31311,Orangensaft DEMETER,Beutelsbacher,Europäische Union,Demeter (Deutschland),"12x0,2l",14.994,2.394,19
531020,Preiselbeersaft,Beutelsbacher,Diverse,EG-Bio,"12x0,2l",24.99,3.9899999999999984,19
531374,Preiselbeersaft,Beutelsbacher,Europäische Union,EG-Bio,"6x0,7l",33.6294,5.369399999999995,19
531496,Pro Vitamin D,Beutelsbacher,Diverse,100% Biozutaten,"12x0,2l",19.992,3.192,19
531497,Pro Vitamin D,Beutelsbacher,Diverse,100% Biozutaten,"6x0,7l",20.563200000000002,3.283200000000001,19
31449,Quitten-Schorle,Beutelsbacher,Diverse,100% Biozutaten,"12x0,33l",13.565999999999999,2.1659999999999986,19
531444,Rhabarber-Schorle,Beutelsbacher,Diverse,100% Biozutaten,"12x0,33l",14.28,2.2799999999999994,19
31519,Rote Bete-Saft Robuschka samenecht DEMETER,Beutelsbacher,Baden-Württemberg,Demeter (Deutschland),"6x0,7l",13.423199999999998,2.1431999999999984,19
531510,Rote Bete-Saft samenecht milchsauer DEMETER,Beutelsbacher,Baden-Württemberg,Demeter (Deutschland),"12x0,2l",12.5664,2.0063999999999993,19
31511,Rote Bete-Saft samenecht milchsauer DEMETER,Beutelsbacher,Baden-Württemberg,Demeter (Deutschland),"6x0,7l",13.423199999999998,2.1431999999999984,19
531485,Sanddorn ACE pro Immunsystem+Zellschutz,Beutelsbacher,Diverse,100% Biozutaten,"12x0,2l",20.705999999999996,3.3059999999999974,19
531024,Sanddornsaft pur,Beutelsbacher,Diverse,EG-Bio,"12x0,2l",28.633200000000002,1.8732000000000006,7
531017,Sauerkirschensaft,Beutelsbacher,Diverse,EG-Bio,"12x0,2l",31.558799999999998,5.038799999999998,19
31512,Sauerkrautsaft samenecht milchsauer DEMETER,Beutelsbacher,Baden-Württemberg,Demeter (Deutschland),"6x0,7l",13.780199999999999,2.200199999999999,19
532549,Shot Ingwer & Beeren DEMETER,Voelkel,Diverse,Demeter (Deutschland),"6x0,28l",17.778599999999997,2.838599999999998,19
532696,Shot Ingwer & Beeren DEMETER,Voelkel,Diverse,Demeter (Deutschland),8x95ml,11.6144,1.8544,19
532547,Shot Ingwer & Kurkuma DEMETER,Voelkel,Diverse,Demeter (Deutschland),"6x0,28l",17.778599999999997,2.838599999999998,19
532569,Shot Ingwer & Kurkuma DEMETER,Voelkel,Diverse,100% Biozutaten,"6x0,75l",37.6992,6.019199999999998,19
532694,Shot Ingwer & Kurkuma DEMETER,Voelkel,Diverse,Demeter (Deutschland),8x95ml,11.6144,1.8544,19
532638,Shot Ingwer & Zitrone-Honig DEMETER,Voelkel,Diverse,Demeter (Deutschland),"6x0,28l",17.9214,2.861399999999998,19
532634,Shot Ingwer & Zitrone-Honig DEMETER,Voelkel,Diverse,Demeter (Deutschland),8x95ml,11.6144,1.8544,19
532546,Shot Ingwer DEMETER,Voelkel,Diverse,Demeter (Deutschland),"6x0,28l",17.778599999999997,2.838599999999998,19
532568,Shot Ingwer DEMETER,Voelkel,Diverse,100% Biozutaten,"6x0,75l",37.6992,6.019199999999998,19
531430,Sonnen-Cocktail,Beutelsbacher,Diverse,100% Biozutaten,"12x0,2l",14.1372,2.257199999999999,19
531429,Sonnen-Cocktail,Beutelsbacher,Diverse,100% Biozutaten,"6x0,7l",16.779,2.6790000000000003,19
532689,Start Shot Rote Bete Ingwer DEMETER,Voelkel,Diverse,Demeter (Deutschland),8x95ml,11.6144,1.8544,19
31517,Tomatensaft samenecht DEMETER,Beutelsbacher,Italien,Demeter (Deutschland),"12x0,2l",12.5664,2.0063999999999993,19
31516,Tomatensaft samenecht DEMETER,Beutelsbacher,Italien,Demeter (Deutschland),"6x0,7l",13.780199999999999,2.200199999999999,19
31325,Traubensaft rot Barbera-Montepulciano DEMETER,Beutelsbacher,Italien,Demeter (Deutschland),"6x0,7l",16.779,2.6790000000000003,19
31326,Traubensaft rot DEMETER,Beutelsbacher,Italien,Demeter (Deutschland),"12x0,2l",14.1372,2.257199999999999,19
531394,Traubensaft rot Merlot,Beutelsbacher,Europäische Union,EG-Bio,"6x0,7l",14.208599999999999,2.2685999999999993,19
31324,Traubensaft weiß Chardonnay DEMETER,Beutelsbacher,Italien,Demeter (Deutschland),"6x0,7l",16.3506,2.6106,19
531494,Vitaltrank pro,Beutelsbacher,Deutschland,100% Biozutaten,"6x0,7l",20.563200000000002,3.283200000000001,19
531013,Vollfrucht Acerola ungesüßt,Beutelsbacher,Diverse,EG-Bio,"12x0,2l",23.112000000000002,1.5120000000000005,7
531021,Vollfrucht Mango ungesüßt,Beutelsbacher,Diverse,EG-Bio,"12x0,2l",25.038,1.6380000000000017,7
531025,Vollfrucht Sanddorn mit Blütenhonig & Acerola,Beutelsbacher,Diverse,EG-Bio,"12x0,2l",36.8508,2.410800000000002,7
532633,WACKEN 2026 Vitamin Shot XTRA HOT,Voelkel,Diverse,100% Biozutaten,"6x0,28l",17.493,2.7929999999999993,19
31357,Waldfruchtcocktail DEMETER,Beutelsbacher,Diverse,Demeter (Deutschland),"6x0,7l",21.063,3.3629999999999995,19
531395,Zitrone-Ingwer,Beutelsbacher,Diverse,100% Biozutaten,"6x0,7l",13.780199999999999,2.200199999999999,19
31327,Zitronensaft DEMETER,Beutelsbacher,Italien,Demeter (Deutschland),"12x0,2l",16.564799999999998,2.6447999999999983,19
531380,Zitronensaft,Beutelsbacher,Italien,EG-Bio,"6x0,7l",20.063399999999998,3.2033999999999985,19
532313,Grüner Smoothie Mango-Grünkohl-Spinat DEMETER,Voelkel,Diverse,Demeter (Deutschland),"6x0,25l",11.7096,1.8696000000000002,19
532309,Grüner Smoothie Rote Bete-Grünkohl-Spinat DEMETER,Voelkel,Diverse,Demeter (Deutschland),"6x0,25l",11.7096,1.8696000000000002,19
532725,Immun Shot,Voelkel,Diverse,100% Biozutaten,"6x0,5l",21.3486,3.4086,19
533580,Ingwer Shot Maracuja Kurkuma,Ostmost,Diverse,100% Biozutaten,12x100ml,15.993599999999999,2.5535999999999994,19
533581,Ingwer Shot Maracuja Kurkuma,Ostmost,Diverse,100% Biozutaten,12x250ml,30.1308,4.8108,19
533585,Ingwer Shot Matcha Zitone,Ostmost,Diverse,100% Biozutaten,12x250ml,30.1308,4.8108,19
533584,Ingwer Shot Matcha Zitrone,Ostmost,Diverse,100% Biozutaten,12x100ml,15.993599999999999,2.5535999999999994,19
533582,Ingwer Shot Super Frucht,Ostmost,Diverse,100% Biozutaten,12x100ml,15.993599999999999,2.5535999999999994,19
533583,Ingwer Shot Super Frucht,Ostmost,Diverse,100% Biozutaten,12x250ml,30.1308,4.8108,19
532737,Oktoberfest Ingwer Shot BIOLAND,Voelkel,Diverse,Bioland,8x95ml,11.6144,1.8544,19
532739,Shot Ingwer & Kurkuma DEMETER,Voelkel,Diverse,Demeter (Deutschland),"8x0,5l",34.4624,5.5024000000000015,19
532740,Shot Ingwer & Zitrone-Honig DEMETER,Voelkel,Diverse,Demeter (Deutschland),"8x0,5l",34.4624,5.5024000000000015,19
532724,Shot Ingwer Beere DEMETER,Voelkel,Diverse,Demeter (Deutschland),"6x0,5l",25.846799999999998,4.126799999999999,19
532738,Shot Ingwer DEMETER,Voelkel,Diverse,Demeter (Deutschland),"8x0,5l",34.4624,5.5024000000000015,19
532695,Shot Ingwer DEMETER,Voelkel,Diverse,Demeter (Deutschland),8x95ml,11.6144,1.8544,19
682102,Smoothie Ananas Aloe Vera Minze,Bett'r,Diverse,100% Biozutaten,6x250ml,10.143600000000001,0.6636000000000006,7
682101,Smoothie Kokosnuss Acaibeere Himbeere,Bett'r,Diverse,100% Biozutaten,6x250ml,10.143600000000001,0.6636000000000006,7
682100,Smoothie Mango Passionsfrucht Chia,Bett'r,Diverse,100% Biozutaten,6x250ml,10.143600000000001,0.6636000000000006,7
532735,Start Shot Rote Bete Ingwer DEMETER,Voelkel,Diverse,Demeter (Deutschland),"6x0,5l",25.846799999999998,4.126799999999999,19
532704,Acerolasaft pur,Voelkel,Diverse,EG-Bio,"10x0,33l",26.537,4.236999999999998,19
33130,Aloe Vera-Saft,Schoenenberger,Diverse,100% Biozutaten,330ml,11.0313,1.7613000000000003,19
33081,Aroniasaft,Rabenhorst,Europäische Union,EG-Bio,"6x0,75l",32.0586,5.118599999999997,19
532625,Care Aloe vera Saft pur DEMETER,Voelkel,Spanien,Demeter (Deutschland),"6x0,33l",22.848,3.6479999999999997,19
533173,Cranberry Muttersaft,Rabenhorst,Europäische Union,EG-Bio,"6x0,75l",45.053399999999996,7.193399999999997,19
532706,Cranberrysaft pur,Voelkel,Diverse,EG-Bio,"10x0,33l",46.291,7.390999999999998,19
32438,Cranberrysaft pur,Voelkel,Kanada,EG-Bio,"6x0,75l",51.050999999999995,8.150999999999996,19
33099,Granatapfelsaft Muttersaft,Rabenhorst,Diverse,EG-Bio,"6x0,75l",40.983599999999996,6.543599999999998,19
532700,Granatapfelsaft pur DEMETER,Voelkel,Diverse,Demeter (Deutschland),"10x0,33l",35.580999999999996,5.680999999999997,19
532428,Granatapfelsaft pur DEMETER,Voelkel,Türkei,Demeter (Deutschland),"6x0,75l",40.269600000000004,6.429600000000001,19
532028,Heimische Holunderbeere DEMETER,Voelkel,Deutschland,Demeter (Deutschland),"6x0,75l",29.274,4.6739999999999995,19
532716,Heimischer Aronia BIOLAND,Voelkel,Deutschland,Bioland,"6x0,75l",25.632599999999996,4.092599999999997,19
532701,Heimischer Holundersaft pur DEMETER,Voelkel,Diverse,Demeter (Deutschland),"10x0,33l",23.205,3.7049999999999983,19
532702,Johannisbeersaft schwarz pur heimisch DEMETER,Voelkel,Diverse,Demeter (Deutschland),"10x0,33l",29.154999999999998,4.654999999999998,19
571596,RAINBOW aloefit Aloe Vera Direktsaft,Rainbow,Diverse,99%,500ml,7.0924,1.1323999999999996,19
532703,Sanddorn Vitamin A & C 100% Muttersaft DEMETER,Voelkel,Diverse,100% Biozutaten,"10x0,33l",41.293,6.592999999999996,19
532943,Sauerkirsche Muttersaft,Rabenhorst,Europäische Union,EG-Bio,"6x0,75l",49.5516,7.9116,19
533195,Schwarzer Johannisbeersaft,Rabenhorst,Europäische Union,EG-Bio,"6x0,75l",34.5576,5.517600000000002,19
532705,Waldheidelbeersaft pur,Voelkel,Diverse,EG-Bio,"10x0,33l",50.218,8.018,19
33080,Waldheidelbeersaft,Rabenhorst,Europäische Union,EG-Bio,"6x0,33l",25.632599999999996,4.092599999999997,19
533166,Waldheidelbeersaft,Rabenhorst,Europäische Union,EG-Bio,"6x0,75l",50.0514,7.991399999999999,19
638007,Aronia Glühwein 9%Vol.,Aronia Original,Diverse,100% Biozutaten,"6x0,75l",21.063,3.3629999999999995,19
38642,Festtagsglühwein rot 11% Vol.,Peter Riegel Weinhandel,Spanien,100% Biozutaten,"6x1,0l",18.7068,2.9868000000000006,19
538299,"Festtagsglühwein weiß 10,2% Vol.",Peter Riegel Weinhandel,Spanien,100% Biozutaten,"6x1,0l",18.7068,2.9868000000000006,19
539239,"Feuerzangenbowle mit Alkohol 10,9% Vol.",Peter Riegel Weinhandel,Spanien,100% Biozutaten,"6x0,75l",17.136,2.735999999999999,19
539353,"Gerdas Glühwein rot DEMETER 11,8% Vol.",Peter Riegel Weinhandel,Europäische Union,Demeter (Deutschland),"6x0,75l",21.777,3.4770000000000003,19
539535,"Gerdas Glühwein weiß DEMETER 9,9% Vol.",Peter Riegel Weinhandel,Europäische Union,Demeter (Deutschland),"6x0,75l",21.777,3.4770000000000003,19
538025,Glühwein Heißer Hirsch rosé 10% Vol.,Acht Grad Plus,Diverse,100% Biozutaten,"6x0,75l",19.4208,3.1007999999999996,19
538015,Glühwein Heißer Hirsch rot 11% Vol.,Acht Grad Plus,Diverse,100% Biozutaten,"6x0,75l",19.4208,3.1007999999999996,19
538026,Glühwein Heißer Hirsch rot alkoholfrei,Acht Grad Plus,Diverse,100% Biozutaten,"6x0,73l",19.4208,3.1007999999999996,19
538016,Glühwein Heißer Hirsch weiß 10% Vol.,Acht Grad Plus,Diverse,100% Biozutaten,"6x0,75l",19.4208,3.1007999999999996,19
538027,Glühwein Heißer Hirsch weiß alkoholfrei,Acht Grad Plus,Diverse,100% Biozutaten,"6x0,73l",19.4208,3.1007999999999996,19
538039,Hygge Glühwein Hvid weiß 10% Vol.,Voelkel,Diverse,100% Biozutaten,"6x0,7l",21.3486,3.4086,19
538038,"Hygge Glühwein Rode rot 9,8% Vol.",Voelkel,Diverse,100% Biozutaten,"6x0,7l",21.3486,3.4086,19
538042,Hygge Glühwein Rode rot 9% Vol.,Voelkel,Diverse,100% Biozutaten,"6x0,7l",19.634999999999998,3.134999999999998,19
532717,Hygge Punsch Bitter Apfelsin DEMETER,Voelkel,Diverse,Demeter (Deutschland),"6x0,75l",21.3486,3.4086,19
638801,Hyggelig weißer Aperitivo 12% Vol,Aperitivo Kollektiv IV,Deutschland,100% Biozutaten,"6x0,75l",44.625,7.125,19
538298,"Landpartie Glühwein rot 12,3% Vol.",Peter Riegel Weinhandel,Deutschland,100% Biozutaten,"6x0,75l",17.493,2.7929999999999993,19
539206,"Landpartie Glühwein weiß 9,8% Vol.",Peter Riegel Weinhandel,Deutschland,100% Biozutaten,"6x0,75l",17.493,2.7929999999999993,19
539208,Landpartie Premium Glüher rot alkoholfrei,Peter Riegel Weinhandel,Deutschland,EG-Bio,"6x0,735l",19.634999999999998,3.134999999999998,19
538290,"Marry´s FairTrade Glühwein rot 10,5% Vol.",Peter Riegel Weinhandel,Südafrika,100% Biozutaten,"6x0,75l",21.777,3.4770000000000003,19
638800,Red Juliet Aperitivo 13% Vol,Aperitivo Kollektiv IV,Deutschland,100% Biozutaten,"6x0,75l",44.625,7.125,19
638802,"Røsabel Aperitivo 10,5% Vol",Aperitivo Kollektiv IV,Deutschland,100% Biozutaten,"6x0,75l",44.625,7.125,19
539209,Vinnocence alkoholfrei Glüher,Peter Riegel Weinhandel,Deutschland,EG-Bio,"6x0,75l",21.063,3.3629999999999995,19